21,-3,KgtMjaB/h+cxuWEY8A8oYTLwsyI=,uF8Fn69V4ILhX9DTwPVgke+SuSU=
25,-7,KgtMjaB/h+cxuWEY8A8oYTLwsyI=,ZDAv1EM5WwD2mLMaOmCreIBEOIE=
26,-7,KgtMjaB/h+cxuWEY8A8oYTLwsyI=,ZDAv1EM5WwD2mLMaOmCreIBEOIE=
25,-6,KgtMjaB/h+cxuWEY8A8oYTLwsyI=,ZDAv1EM5WwD2mLMaOmCreIBEOIE=
26,-6,KgtMjaB/h+cxuWEY8A8oYTLwsyI=,ZDAv1EM5WwD2mLMaOmCreIBEOIE=
22,-2,KgtMjaB/h+cxuWEY8A8oYTLwsyI=,uF8Fn69V4ILhX9DTwPVgke+SuSU=
21,-2,KgtMjaB/h+cxuWEY8A8oYTLwsyI=,uF8Fn69V4ILhX9DTwPVgke+SuSU=
22,-3,KgtMjaB/h+cxuWEY8A8oYTLwsyI=,uF8Fn69V4ILhX9DTwPVgke+SuSU=
24,-7,KgtMjaB/h+cxuWEY8A8oYTLwsyI=,ZDAv1EM5WwD2mLMaOmCreIBEOIE=
21,-7,KgtMjaB/h+cxuWEY8A8oYTLwsyI=,s8IxPjTTgdKffWsXngQkRCYgP8c=
24,-6,KgtMjaB/h+cxuWEY8A8oYTLwsyI=,ZDAv1EM5WwD2mLMaOmCreIBEOIE=
22,-7,KgtMjaB/h+cxuWEY8A8oYTLwsyI=,s8IxPjTTgdKffWsXngQkRCYgP8c=
21,-4,KgtMjaB/h+cxuWEY8A8oYTLwsyI=,uF8Fn69V4ILhX9DTwPVgke+SuSU=
21,-5,KgtMjaB/h+cxuWEY8A8oYTLwsyI=,s8IxPjTTgdKffWsXngQkRCYgP8c=
22,-6,KgtMjaB/h+cxuWEY8A8oYTLwsyI=,s8IxPjTTgdKffWsXngQkRCYgP8c=
23,-6,KgtMjaB/h+cxuWEY8A8oYTLwsyI=,s8IxPjTTgdKffWsXngQkRCYgP8c=
21,-6,KgtMjaB/h+cxuWEY8A8oYTLwsyI=,s8IxPjTTgdKffWsXngQkRCYgP8c=
22,-4,KgtMjaB/h+cxuWEY8A8oYTLwsyI=,uF8Fn69V4ILhX9DTwPVgke+SuSU=
23,-7,KgtMjaB/h+cxuWEY8A8oYTLwsyI=,s8IxPjTTgdKffWsXngQkRCYgP8c=
22,-5,KgtMjaB/h+cxuWEY8A8oYTLwsyI=,s8IxPjTTgdKffWsXngQkRCYgP8c=
24,-3,KgtMjaB/h+cxuWEY8A8oYTLwsyI=,96zZCJA6TQxGYKz5BXMKdPcjVA0=
25,-3,KgtMjaB/h+cxuWEY8A8oYTLwsyI=,96zZCJA6TQxGYKz5BXMKdPcjVA0=
26,-3,KgtMjaB/h+cxuWEY8A8oYTLwsyI=,96zZCJA6TQxGYKz5BXMKdPcjVA0=
24,-2,KgtMjaB/h+cxuWEY8A8oYTLwsyI=,96zZCJA6TQxGYKz5BXMKdPcjVA0=
25,-2,KgtMjaB/h+cxuWEY8A8oYTLwsyI=,96zZCJA6TQxGYKz5BXMKdPcjVA0=
26,-2,KgtMjaB/h+cxuWEY8A8oYTLwsyI=,96zZCJA6TQxGYKz5BXMKdPcjVA0=
23,-2,KgtMjaB/h+cxuWEY8A8oYTLwsyI=,uF8Fn69V4ILhX9DTwPVgke+SuSU=
23,-4,KgtMjaB/h+cxuWEY8A8oYTLwsyI=,uF8Fn69V4ILhX9DTwPVgke+SuSU=
24,-5,KgtMjaB/h+cxuWEY8A8oYTLwsyI=,ZDAv1EM5WwD2mLMaOmCreIBEOIE=
23,-5,KgtMjaB/h+cxuWEY8A8oYTLwsyI=,s8IxPjTTgdKffWsXngQkRCYgP8c=
26,-4,KgtMjaB/h+cxuWEY8A8oYTLwsyI=,96zZCJA6TQxGYKz5BXMKdPcjVA0=
25,-4,KgtMjaB/h+cxuWEY8A8oYTLwsyI=,96zZCJA6TQxGYKz5BXMKdPcjVA0=
25,-5,KgtMjaB/h+cxuWEY8A8oYTLwsyI=,ZDAv1EM5WwD2mLMaOmCreIBEOIE=
24,-4,KgtMjaB/h+cxuWEY8A8oYTLwsyI=,96zZCJA6TQxGYKz5BXMKdPcjVA0=
26,-5,KgtMjaB/h+cxuWEY8A8oYTLwsyI=,ZDAv1EM5WwD2mLMaOmCreIBEOIE=
23,-3,KgtMjaB/h+cxuWEY8A8oYTLwsyI=,uF8Fn69V4ILhX9DTwPVgke+SuSU=
21,-15,UXZe1YrlXyGuhdv39CtNPIk0Yn4=,J+DtKXFyGTMq8slTRrMCCsj5rJs=
22,-15,UXZe1YrlXyGuhdv39CtNPIk0Yn4=,J+DtKXFyGTMq8slTRrMCCsj5rJs=
25,-9,UXZe1YrlXyGuhdv39CtNPIk0Yn4=,EwqrcCnUzE4kFpotmPE+JqemY+Q=
26,-9,UXZe1YrlXyGuhdv39CtNPIk0Yn4=,EwqrcCnUzE4kFpotmPE+JqemY+Q=
22,-14,UXZe1YrlXyGuhdv39CtNPIk0Yn4=,J+DtKXFyGTMq8slTRrMCCsj5rJs=
21,-14,UXZe1YrlXyGuhdv39CtNPIk0Yn4=,J+DtKXFyGTMq8slTRrMCCsj5rJs=
25,-11,UXZe1YrlXyGuhdv39CtNPIk0Yn4=,EwqrcCnUzE4kFpotmPE+JqemY+Q=
26,-8,UXZe1YrlXyGuhdv39CtNPIk0Yn4=,ZDAv1EM5WwD2mLMaOmCreIBEOIE=
26,-10,UXZe1YrlXyGuhdv39CtNPIk0Yn4=,EwqrcCnUzE4kFpotmPE+JqemY+Q=
26,-11,UXZe1YrlXyGuhdv39CtNPIk0Yn4=,EwqrcCnUzE4kFpotmPE+JqemY+Q=
25,-8,UXZe1YrlXyGuhdv39CtNPIk0Yn4=,ZDAv1EM5WwD2mLMaOmCreIBEOIE=
25,-10,UXZe1YrlXyGuhdv39CtNPIk0Yn4=,EwqrcCnUzE4kFpotmPE+JqemY+Q=
24,-9,UXZe1YrlXyGuhdv39CtNPIk0Yn4=,EwqrcCnUzE4kFpotmPE+JqemY+Q=
24,-13,UXZe1YrlXyGuhdv39CtNPIk0Yn4=,qw5MfXo54lAlivIqywDrrwaPPRI=
25,-13,UXZe1YrlXyGuhdv39CtNPIk0Yn4=,qw5MfXo54lAlivIqywDrrwaPPRI=
24,-8,UXZe1YrlXyGuhdv39CtNPIk0Yn4=,ZDAv1EM5WwD2mLMaOmCreIBEOIE=
22,-8,UXZe1YrlXyGuhdv39CtNPIk0Yn4=,s8IxPjTTgdKffWsXngQkRCYgP8c=
24,-10,UXZe1YrlXyGuhdv39CtNPIk0Yn4=,EwqrcCnUzE4kFpotmPE+JqemY+Q=
21,-8,UXZe1YrlXyGuhdv39CtNPIk0Yn4=,s8IxPjTTgdKffWsXngQkRCYgP8c=
21,-12,UXZe1YrlXyGuhdv39CtNPIk0Yn4=,ZWTUEA0lpjoN9EMAcuUE8FJfnpk=
24,-11,UXZe1YrlXyGuhdv39CtNPIk0Yn4=,EwqrcCnUzE4kFpotmPE+JqemY+Q=
26,-13,UXZe1YrlXyGuhdv39CtNPIk0Yn4=,qw5MfXo54lAlivIqywDrrwaPPRI=
21,-13,UXZe1YrlXyGuhdv39CtNPIk0Yn4=,J+DtKXFyGTMq8slTRrMCCsj5rJs=
22,-13,UXZe1YrlXyGuhdv39CtNPIk0Yn4=,J+DtKXFyGTMq8slTRrMCCsj5rJs=
21,-11,UXZe1YrlXyGuhdv39CtNPIk0Yn4=,ZWTUEA0lpjoN9EMAcuUE8FJfnpk=
22,-12,UXZe1YrlXyGuhdv39CtNPIk0Yn4=,ZWTUEA0lpjoN9EMAcuUE8FJfnpk=
23,-15,UXZe1YrlXyGuhdv39CtNPIk0Yn4=,J+DtKXFyGTMq8slTRrMCCsj5rJs=
22,-9,UXZe1YrlXyGuhdv39CtNPIk0Yn4=,ZWTUEA0lpjoN9EMAcuUE8FJfnpk=
21,-9,UXZe1YrlXyGuhdv39CtNPIk0Yn4=,ZWTUEA0lpjoN9EMAcuUE8FJfnpk=
22,-11,UXZe1YrlXyGuhdv39CtNPIk0Yn4=,ZWTUEA0lpjoN9EMAcuUE8FJfnpk=
23,-9,UXZe1YrlXyGuhdv39CtNPIk0Yn4=,ZWTUEA0lpjoN9EMAcuUE8FJfnpk=
23,-12,UXZe1YrlXyGuhdv39CtNPIk0Yn4=,ZWTUEA0lpjoN9EMAcuUE8FJfnpk=
23,-10,UXZe1YrlXyGuhdv39CtNPIk0Yn4=,ZWTUEA0lpjoN9EMAcuUE8FJfnpk=
22,-10,UXZe1YrlXyGuhdv39CtNPIk0Yn4=,ZWTUEA0lpjoN9EMAcuUE8FJfnpk=
21,-10,UXZe1YrlXyGuhdv39CtNPIk0Yn4=,ZWTUEA0lpjoN9EMAcuUE8FJfnpk=
23,-11,UXZe1YrlXyGuhdv39CtNPIk0Yn4=,ZWTUEA0lpjoN9EMAcuUE8FJfnpk=
23,-14,UXZe1YrlXyGuhdv39CtNPIk0Yn4=,J+DtKXFyGTMq8slTRrMCCsj5rJs=
25,-14,UXZe1YrlXyGuhdv39CtNPIk0Yn4=,qw5MfXo54lAlivIqywDrrwaPPRI=
26,-14,UXZe1YrlXyGuhdv39CtNPIk0Yn4=,qw5MfXo54lAlivIqywDrrwaPPRI=
24,-12,UXZe1YrlXyGuhdv39CtNPIk0Yn4=,EwqrcCnUzE4kFpotmPE+JqemY+Q=
24,-14,UXZe1YrlXyGuhdv39CtNPIk0Yn4=,qw5MfXo54lAlivIqywDrrwaPPRI=
23,-8,UXZe1YrlXyGuhdv39CtNPIk0Yn4=,s8IxPjTTgdKffWsXngQkRCYgP8c=
26,-15,UXZe1YrlXyGuhdv39CtNPIk0Yn4=,qw5MfXo54lAlivIqywDrrwaPPRI=
24,-15,UXZe1YrlXyGuhdv39CtNPIk0Yn4=,qw5MfXo54lAlivIqywDrrwaPPRI=
26,-12,UXZe1YrlXyGuhdv39CtNPIk0Yn4=,EwqrcCnUzE4kFpotmPE+JqemY+Q=
25,-15,UXZe1YrlXyGuhdv39CtNPIk0Yn4=,qw5MfXo54lAlivIqywDrrwaPPRI=
25,-12,UXZe1YrlXyGuhdv39CtNPIk0Yn4=,EwqrcCnUzE4kFpotmPE+JqemY+Q=
23,-13,UXZe1YrlXyGuhdv39CtNPIk0Yn4=,J+DtKXFyGTMq8slTRrMCCsj5rJs=
28,-15,o2qJ5LaG7+2dzxJpkDAqjghI5q0=,ulHxNiv8kNtb4NdFHq9I1H49oj0=
27,-15,o2qJ5LaG7+2dzxJpkDAqjghI5q0=,qw5MfXo54lAlivIqywDrrwaPPRI=
30,-14,o2qJ5LaG7+2dzxJpkDAqjghI5q0=,ulHxNiv8kNtb4NdFHq9I1H49oj0=
27,-14,o2qJ5LaG7+2dzxJpkDAqjghI5q0=,qw5MfXo54lAlivIqywDrrwaPPRI=
29,-14,o2qJ5LaG7+2dzxJpkDAqjghI5q0=,ulHxNiv8kNtb4NdFHq9I1H49oj0=
30,-15,o2qJ5LaG7+2dzxJpkDAqjghI5q0=,ulHxNiv8kNtb4NdFHq9I1H49oj0=
29,-15,o2qJ5LaG7+2dzxJpkDAqjghI5q0=,ulHxNiv8kNtb4NdFHq9I1H49oj0=
28,-12,o2qJ5LaG7+2dzxJpkDAqjghI5q0=,a/uQwP83HwrP/fpmSNzjLnrEwok=
29,-12,o2qJ5LaG7+2dzxJpkDAqjghI5q0=,a/uQwP83HwrP/fpmSNzjLnrEwok=
30,-13,o2qJ5LaG7+2dzxJpkDAqjghI5q0=,ulHxNiv8kNtb4NdFHq9I1H49oj0=
27,-10,o2qJ5LaG7+2dzxJpkDAqjghI5q0=,EwqrcCnUzE4kFpotmPE+JqemY+Q=
30,-12,o2qJ5LaG7+2dzxJpkDAqjghI5q0=,a/uQwP83HwrP/fpmSNzjLnrEwok=
27,-11,o2qJ5LaG7+2dzxJpkDAqjghI5q0=,EwqrcCnUzE4kFpotmPE+JqemY+Q=
29,-13,o2qJ5LaG7+2dzxJpkDAqjghI5q0=,ulHxNiv8kNtb4NdFHq9I1H49oj0=
28,-13,o2qJ5LaG7+2dzxJpkDAqjghI5q0=,ulHxNiv8kNtb4NdFHq9I1H49oj0=
27,-12,o2qJ5LaG7+2dzxJpkDAqjghI5q0=,EwqrcCnUzE4kFpotmPE+JqemY+Q=
27,-13,o2qJ5LaG7+2dzxJpkDAqjghI5q0=,qw5MfXo54lAlivIqywDrrwaPPRI=
30,-10,o2qJ5LaG7+2dzxJpkDAqjghI5q0=,a/uQwP83HwrP/fpmSNzjLnrEwok=
28,-11,o2qJ5LaG7+2dzxJpkDAqjghI5q0=,a/uQwP83HwrP/fpmSNzjLnrEwok=
29,-10,o2qJ5LaG7+2dzxJpkDAqjghI5q0=,a/uQwP83HwrP/fpmSNzjLnrEwok=
28,-10,o2qJ5LaG7+2dzxJpkDAqjghI5q0=,a/uQwP83HwrP/fpmSNzjLnrEwok=
30,-11,o2qJ5LaG7+2dzxJpkDAqjghI5q0=,a/uQwP83HwrP/fpmSNzjLnrEwok=
29,-11,o2qJ5LaG7+2dzxJpkDAqjghI5q0=,a/uQwP83HwrP/fpmSNzjLnrEwok=
28,-14,o2qJ5LaG7+2dzxJpkDAqjghI5q0=,ulHxNiv8kNtb4NdFHq9I1H49oj0=
28,-9,o2qJ5LaG7+2dzxJpkDAqjghI5q0=,a/uQwP83HwrP/fpmSNzjLnrEwok=
29,-9,o2qJ5LaG7+2dzxJpkDAqjghI5q0=,a/uQwP83HwrP/fpmSNzjLnrEwok=
30,-9,o2qJ5LaG7+2dzxJpkDAqjghI5q0=,a/uQwP83HwrP/fpmSNzjLnrEwok=
28,-8,o2qJ5LaG7+2dzxJpkDAqjghI5q0=,ODcQ8jDtVfLJ5kBWRrlXvDhxiKQ=
29,-8,o2qJ5LaG7+2dzxJpkDAqjghI5q0=,ODcQ8jDtVfLJ5kBWRrlXvDhxiKQ=
30,-8,o2qJ5LaG7+2dzxJpkDAqjghI5q0=,ODcQ8jDtVfLJ5kBWRrlXvDhxiKQ=
28,-7,o2qJ5LaG7+2dzxJpkDAqjghI5q0=,ODcQ8jDtVfLJ5kBWRrlXvDhxiKQ=
27,-8,o2qJ5LaG7+2dzxJpkDAqjghI5q0=,ZDAv1EM5WwD2mLMaOmCreIBEOIE=
27,-6,o2qJ5LaG7+2dzxJpkDAqjghI5q0=,ZDAv1EM5WwD2mLMaOmCreIBEOIE=
29,-7,o2qJ5LaG7+2dzxJpkDAqjghI5q0=,ODcQ8jDtVfLJ5kBWRrlXvDhxiKQ=
27,-7,o2qJ5LaG7+2dzxJpkDAqjghI5q0=,ZDAv1EM5WwD2mLMaOmCreIBEOIE=
29,-6,o2qJ5LaG7+2dzxJpkDAqjghI5q0=,ODcQ8jDtVfLJ5kBWRrlXvDhxiKQ=
30,-6,o2qJ5LaG7+2dzxJpkDAqjghI5q0=,ODcQ8jDtVfLJ5kBWRrlXvDhxiKQ=
27,-9,o2qJ5LaG7+2dzxJpkDAqjghI5q0=,EwqrcCnUzE4kFpotmPE+JqemY+Q=
30,-7,o2qJ5LaG7+2dzxJpkDAqjghI5q0=,ODcQ8jDtVfLJ5kBWRrlXvDhxiKQ=
28,-6,o2qJ5LaG7+2dzxJpkDAqjghI5q0=,ODcQ8jDtVfLJ5kBWRrlXvDhxiKQ=
20,-11,o2qJ5LaG7+2dzxJpkDAqjghI5q0=,ZWTUEA0lpjoN9EMAcuUE8FJfnpk=
20,-10,o2qJ5LaG7+2dzxJpkDAqjghI5q0=,ZWTUEA0lpjoN9EMAcuUE8FJfnpk=
17,-10,o2qJ5LaG7+2dzxJpkDAqjghI5q0=,+dbxg4PoMxfuc7NAc0hXTQ4olYc=
18,-11,o2qJ5LaG7+2dzxJpkDAqjghI5q0=,+dbxg4PoMxfuc7NAc0hXTQ4olYc=
17,-11,o2qJ5LaG7+2dzxJpkDAqjghI5q0=,+dbxg4PoMxfuc7NAc0hXTQ4olYc=
18,-10,o2qJ5LaG7+2dzxJpkDAqjghI5q0=,+dbxg4PoMxfuc7NAc0hXTQ4olYc=
19,-11,o2qJ5LaG7+2dzxJpkDAqjghI5q0=,+dbxg4PoMxfuc7NAc0hXTQ4olYc=
19,-10,o2qJ5LaG7+2dzxJpkDAqjghI5q0=,+dbxg4PoMxfuc7NAc0hXTQ4olYc=
20,-9,4PjKx46B5gTN10RuksF0q1r/hNo=,ZWTUEA0lpjoN9EMAcuUE8FJfnpk=
18,-9,4PjKx46B5gTN10RuksF0q1r/hNo=,+dbxg4PoMxfuc7NAc0hXTQ4olYc=
28,-5,4PjKx46B5gTN10RuksF0q1r/hNo=,ODcQ8jDtVfLJ5kBWRrlXvDhxiKQ=
27,-4,4PjKx46B5gTN10RuksF0q1r/hNo=,96zZCJA6TQxGYKz5BXMKdPcjVA0=
27,-5,4PjKx46B5gTN10RuksF0q1r/hNo=,ZDAv1EM5WwD2mLMaOmCreIBEOIE=
29,-5,4PjKx46B5gTN10RuksF0q1r/hNo=,ODcQ8jDtVfLJ5kBWRrlXvDhxiKQ=
30,-2,4PjKx46B5gTN10RuksF0q1r/hNo=,CpuqAhWTsdRg3lNzukjUo6XkDCw=
29,-2,4PjKx46B5gTN10RuksF0q1r/hNo=,CpuqAhWTsdRg3lNzukjUo6XkDCw=
27,-3,4PjKx46B5gTN10RuksF0q1r/hNo=,96zZCJA6TQxGYKz5BXMKdPcjVA0=
27,-2,4PjKx46B5gTN10RuksF0q1r/hNo=,96zZCJA6TQxGYKz5BXMKdPcjVA0=
28,-2,4PjKx46B5gTN10RuksF0q1r/hNo=,CpuqAhWTsdRg3lNzukjUo6XkDCw=
29,-3,4PjKx46B5gTN10RuksF0q1r/hNo=,CpuqAhWTsdRg3lNzukjUo6XkDCw=
28,-3,4PjKx46B5gTN10RuksF0q1r/hNo=,CpuqAhWTsdRg3lNzukjUo6XkDCw=
30,-5,4PjKx46B5gTN10RuksF0q1r/hNo=,ODcQ8jDtVfLJ5kBWRrlXvDhxiKQ=
30,-4,4PjKx46B5gTN10RuksF0q1r/hNo=,CpuqAhWTsdRg3lNzukjUo6XkDCw=
30,-3,4PjKx46B5gTN10RuksF0q1r/hNo=,CpuqAhWTsdRg3lNzukjUo6XkDCw=
29,-4,4PjKx46B5gTN10RuksF0q1r/hNo=,CpuqAhWTsdRg3lNzukjUo6XkDCw=
28,-4,4PjKx46B5gTN10RuksF0q1r/hNo=,CpuqAhWTsdRg3lNzukjUo6XkDCw=
19,-7,4PjKx46B5gTN10RuksF0q1r/hNo=,u2K7JQ27b6PXK24zphf/DzX4Y/0=
19,-6,4PjKx46B5gTN10RuksF0q1r/hNo=,u2K7JQ27b6PXK24zphf/DzX4Y/0=
17,-7,4PjKx46B5gTN10RuksF0q1r/hNo=,u2K7JQ27b6PXK24zphf/DzX4Y/0=
18,-7,4PjKx46B5gTN10RuksF0q1r/hNo=,u2K7JQ27b6PXK24zphf/DzX4Y/0=
20,-8,4PjKx46B5gTN10RuksF0q1r/hNo=,s8IxPjTTgdKffWsXngQkRCYgP8c=
17,-9,4PjKx46B5gTN10RuksF0q1r/hNo=,+dbxg4PoMxfuc7NAc0hXTQ4olYc=
17,-8,4PjKx46B5gTN10RuksF0q1r/hNo=,u2K7JQ27b6PXK24zphf/DzX4Y/0=
18,-6,4PjKx46B5gTN10RuksF0q1r/hNo=,u2K7JQ27b6PXK24zphf/DzX4Y/0=
20,-6,4PjKx46B5gTN10RuksF0q1r/hNo=,s8IxPjTTgdKffWsXngQkRCYgP8c=
17,-6,4PjKx46B5gTN10RuksF0q1r/hNo=,u2K7JQ27b6PXK24zphf/DzX4Y/0=
19,-8,4PjKx46B5gTN10RuksF0q1r/hNo=,u2K7JQ27b6PXK24zphf/DzX4Y/0=
18,-8,4PjKx46B5gTN10RuksF0q1r/hNo=,u2K7JQ27b6PXK24zphf/DzX4Y/0=
19,-9,4PjKx46B5gTN10RuksF0q1r/hNo=,+dbxg4PoMxfuc7NAc0hXTQ4olYc=
16,-6,4PjKx46B5gTN10RuksF0q1r/hNo=,u2K7JQ27b6PXK24zphf/DzX4Y/0=
20,-7,4PjKx46B5gTN10RuksF0q1r/hNo=,s8IxPjTTgdKffWsXngQkRCYgP8c=
16,-7,4PjKx46B5gTN10RuksF0q1r/hNo=,u2K7JQ27b6PXK24zphf/DzX4Y/0=
18,-16,4PjKx46B5gTN10RuksF0q1r/hNo=,havJQOTcaIhdIH82A/CUHUccNFA=
16,-15,4PjKx46B5gTN10RuksF0q1r/hNo=,havJQOTcaIhdIH82A/CUHUccNFA=
16,-14,4PjKx46B5gTN10RuksF0q1r/hNo=,havJQOTcaIhdIH82A/CUHUccNFA=
17,-16,4PjKx46B5gTN10RuksF0q1r/hNo=,havJQOTcaIhdIH82A/CUHUccNFA=
18,-12,4PjKx46B5gTN10RuksF0q1r/hNo=,+dbxg4PoMxfuc7NAc0hXTQ4olYc=
18,-15,4PjKx46B5gTN10RuksF0q1r/hNo=,havJQOTcaIhdIH82A/CUHUccNFA=
19,-13,4PjKx46B5gTN10RuksF0q1r/hNo=,havJQOTcaIhdIH82A/CUHUccNFA=
17,-12,4PjKx46B5gTN10RuksF0q1r/hNo=,+dbxg4PoMxfuc7NAc0hXTQ4olYc=
20,-13,4PjKx46B5gTN10RuksF0q1r/hNo=,J+DtKXFyGTMq8slTRrMCCsj5rJs=
18,-13,4PjKx46B5gTN10RuksF0q1r/hNo=,havJQOTcaIhdIH82A/CUHUccNFA=
19,-12,4PjKx46B5gTN10RuksF0q1r/hNo=,+dbxg4PoMxfuc7NAc0hXTQ4olYc=
19,-15,4PjKx46B5gTN10RuksF0q1r/hNo=,havJQOTcaIhdIH82A/CUHUccNFA=
20,-14,4PjKx46B5gTN10RuksF0q1r/hNo=,J+DtKXFyGTMq8slTRrMCCsj5rJs=
20,-15,4PjKx46B5gTN10RuksF0q1r/hNo=,J+DtKXFyGTMq8slTRrMCCsj5rJs=
19,-14,4PjKx46B5gTN10RuksF0q1r/hNo=,havJQOTcaIhdIH82A/CUHUccNFA=
17,-13,4PjKx46B5gTN10RuksF0q1r/hNo=,havJQOTcaIhdIH82A/CUHUccNFA=
17,-15,4PjKx46B5gTN10RuksF0q1r/hNo=,havJQOTcaIhdIH82A/CUHUccNFA=
18,-14,4PjKx46B5gTN10RuksF0q1r/hNo=,havJQOTcaIhdIH82A/CUHUccNFA=
17,-14,4PjKx46B5gTN10RuksF0q1r/hNo=,havJQOTcaIhdIH82A/CUHUccNFA=
20,-12,4PjKx46B5gTN10RuksF0q1r/hNo=,ZWTUEA0lpjoN9EMAcuUE8FJfnpk=
18,-3,4PjKx46B5gTN10RuksF0q1r/hNo=,ABZZS5z7HVesnCNG+jnG7QJgsSw=
20,-4,4PjKx46B5gTN10RuksF0q1r/hNo=,uF8Fn69V4ILhX9DTwPVgke+SuSU=
20,-3,4PjKx46B5gTN10RuksF0q1r/hNo=,uF8Fn69V4ILhX9DTwPVgke+SuSU=
20,-2,4PjKx46B5gTN10RuksF0q1r/hNo=,uF8Fn69V4ILhX9DTwPVgke+SuSU=
20,-5,4PjKx46B5gTN10RuksF0q1r/hNo=,s8IxPjTTgdKffWsXngQkRCYgP8c=
18,-5,4PjKx46B5gTN10RuksF0q1r/hNo=,u2K7JQ27b6PXK24zphf/DzX4Y/0=
19,-5,4PjKx46B5gTN10RuksF0q1r/hNo=,u2K7JQ27b6PXK24zphf/DzX4Y/0=
18,-4,4PjKx46B5gTN10RuksF0q1r/hNo=,ABZZS5z7HVesnCNG+jnG7QJgsSw=
16,-5,4PjKx46B5gTN10RuksF0q1r/hNo=,u2K7JQ27b6PXK24zphf/DzX4Y/0=
17,-4,4PjKx46B5gTN10RuksF0q1r/hNo=,ABZZS5z7HVesnCNG+jnG7QJgsSw=
17,-3,4PjKx46B5gTN10RuksF0q1r/hNo=,ABZZS5z7HVesnCNG+jnG7QJgsSw=
19,-4,4PjKx46B5gTN10RuksF0q1r/hNo=,ABZZS5z7HVesnCNG+jnG7QJgsSw=
16,-3,4PjKx46B5gTN10RuksF0q1r/hNo=,ABZZS5z7HVesnCNG+jnG7QJgsSw=
19,-1,4PjKx46B5gTN10RuksF0q1r/hNo=,ABZZS5z7HVesnCNG+jnG7QJgsSw=
19,-3,4PjKx46B5gTN10RuksF0q1r/hNo=,ABZZS5z7HVesnCNG+jnG7QJgsSw=
17,-2,4PjKx46B5gTN10RuksF0q1r/hNo=,ABZZS5z7HVesnCNG+jnG7QJgsSw=
22,-1,4PjKx46B5gTN10RuksF0q1r/hNo=,uF8Fn69V4ILhX9DTwPVgke+SuSU=
19,-2,4PjKx46B5gTN10RuksF0q1r/hNo=,ABZZS5z7HVesnCNG+jnG7QJgsSw=
18,-2,4PjKx46B5gTN10RuksF0q1r/hNo=,ABZZS5z7HVesnCNG+jnG7QJgsSw=
18,-1,4PjKx46B5gTN10RuksF0q1r/hNo=,ABZZS5z7HVesnCNG+jnG7QJgsSw=
21,-1,4PjKx46B5gTN10RuksF0q1r/hNo=,uF8Fn69V4ILhX9DTwPVgke+SuSU=
17,-1,4PjKx46B5gTN10RuksF0q1r/hNo=,ABZZS5z7HVesnCNG+jnG7QJgsSw=
17,-5,4PjKx46B5gTN10RuksF0q1r/hNo=,u2K7JQ27b6PXK24zphf/DzX4Y/0=
16,-2,4PjKx46B5gTN10RuksF0q1r/hNo=,ABZZS5z7HVesnCNG+jnG7QJgsSw=
20,-1,4PjKx46B5gTN10RuksF0q1r/hNo=,uF8Fn69V4ILhX9DTwPVgke+SuSU=
16,-4,4PjKx46B5gTN10RuksF0q1r/hNo=,ABZZS5z7HVesnCNG+jnG7QJgsSw=
24,-1,4PjKx46B5gTN10RuksF0q1r/hNo=,96zZCJA6TQxGYKz5BXMKdPcjVA0=
26,-1,4PjKx46B5gTN10RuksF0q1r/hNo=,96zZCJA6TQxGYKz5BXMKdPcjVA0=
28,-1,4PjKx46B5gTN10RuksF0q1r/hNo=,CpuqAhWTsdRg3lNzukjUo6XkDCw=
25,-1,4PjKx46B5gTN10RuksF0q1r/hNo=,96zZCJA6TQxGYKz5BXMKdPcjVA0=
30,-1,4PjKx46B5gTN10RuksF0q1r/hNo=,CpuqAhWTsdRg3lNzukjUo6XkDCw=
23,-1,4PjKx46B5gTN10RuksF0q1r/hNo=,uF8Fn69V4ILhX9DTwPVgke+SuSU=
27,-1,4PjKx46B5gTN10RuksF0q1r/hNo=,96zZCJA6TQxGYKz5BXMKdPcjVA0=
31,-7,4PjKx46B5gTN10RuksF0q1r/hNo=,ODcQ8jDtVfLJ5kBWRrlXvDhxiKQ=
31,-6,4PjKx46B5gTN10RuksF0q1r/hNo=,ODcQ8jDtVfLJ5kBWRrlXvDhxiKQ=
31,-3,4PjKx46B5gTN10RuksF0q1r/hNo=,CpuqAhWTsdRg3lNzukjUo6XkDCw=
31,-2,4PjKx46B5gTN10RuksF0q1r/hNo=,CpuqAhWTsdRg3lNzukjUo6XkDCw=
31,-5,4PjKx46B5gTN10RuksF0q1r/hNo=,ODcQ8jDtVfLJ5kBWRrlXvDhxiKQ=
29,-1,4PjKx46B5gTN10RuksF0q1r/hNo=,CpuqAhWTsdRg3lNzukjUo6XkDCw=
31,-4,4PjKx46B5gTN10RuksF0q1r/hNo=,CpuqAhWTsdRg3lNzukjUo6XkDCw=
31,-9,4PjKx46B5gTN10RuksF0q1r/hNo=,a/uQwP83HwrP/fpmSNzjLnrEwok=
31,-11,4PjKx46B5gTN10RuksF0q1r/hNo=,a/uQwP83HwrP/fpmSNzjLnrEwok=
31,-10,4PjKx46B5gTN10RuksF0q1r/hNo=,a/uQwP83HwrP/fpmSNzjLnrEwok=
31,-8,4PjKx46B5gTN10RuksF0q1r/hNo=,ODcQ8jDtVfLJ5kBWRrlXvDhxiKQ=
31,-12,4PjKx46B5gTN10RuksF0q1r/hNo=,a/uQwP83HwrP/fpmSNzjLnrEwok=
31,-14,4PjKx46B5gTN10RuksF0q1r/hNo=,ulHxNiv8kNtb4NdFHq9I1H49oj0=
31,-13,4PjKx46B5gTN10RuksF0q1r/hNo=,ulHxNiv8kNtb4NdFHq9I1H49oj0=
31,-15,4PjKx46B5gTN10RuksF0q1r/hNo=,ulHxNiv8kNtb4NdFHq9I1H49oj0=
29,-16,4PjKx46B5gTN10RuksF0q1r/hNo=,ulHxNiv8kNtb4NdFHq9I1H49oj0=
31,-16,4PjKx46B5gTN10RuksF0q1r/hNo=,ulHxNiv8kNtb4NdFHq9I1H49oj0=
26,-16,4PjKx46B5gTN10RuksF0q1r/hNo=,qw5MfXo54lAlivIqywDrrwaPPRI=
30,-16,4PjKx46B5gTN10RuksF0q1r/hNo=,ulHxNiv8kNtb4NdFHq9I1H49oj0=
28,-16,4PjKx46B5gTN10RuksF0q1r/hNo=,ulHxNiv8kNtb4NdFHq9I1H49oj0=
27,-16,4PjKx46B5gTN10RuksF0q1r/hNo=,qw5MfXo54lAlivIqywDrrwaPPRI=
25,-16,4PjKx46B5gTN10RuksF0q1r/hNo=,qw5MfXo54lAlivIqywDrrwaPPRI=
19,-16,4PjKx46B5gTN10RuksF0q1r/hNo=,havJQOTcaIhdIH82A/CUHUccNFA=
31,-1,4PjKx46B5gTN10RuksF0q1r/hNo=,CpuqAhWTsdRg3lNzukjUo6XkDCw=
16,-16,4PjKx46B5gTN10RuksF0q1r/hNo=,havJQOTcaIhdIH82A/CUHUccNFA=
16,-1,4PjKx46B5gTN10RuksF0q1r/hNo=,ABZZS5z7HVesnCNG+jnG7QJgsSw=
22,-16,4PjKx46B5gTN10RuksF0q1r/hNo=,J+DtKXFyGTMq8slTRrMCCsj5rJs=
21,-16,4PjKx46B5gTN10RuksF0q1r/hNo=,J+DtKXFyGTMq8slTRrMCCsj5rJs=
23,-16,4PjKx46B5gTN10RuksF0q1r/hNo=,J+DtKXFyGTMq8slTRrMCCsj5rJs=
20,-16,4PjKx46B5gTN10RuksF0q1r/hNo=,J+DtKXFyGTMq8slTRrMCCsj5rJs=
24,-16,4PjKx46B5gTN10RuksF0q1r/hNo=,qw5MfXo54lAlivIqywDrrwaPPRI=
16,-13,4PjKx46B5gTN10RuksF0q1r/hNo=,havJQOTcaIhdIH82A/CUHUccNFA=
16,-8,4PjKx46B5gTN10RuksF0q1r/hNo=,u2K7JQ27b6PXK24zphf/DzX4Y/0=
16,-9,4PjKx46B5gTN10RuksF0q1r/hNo=,+dbxg4PoMxfuc7NAc0hXTQ4olYc=
16,-11,4PjKx46B5gTN10RuksF0q1r/hNo=,+dbxg4PoMxfuc7NAc0hXTQ4olYc=
16,-12,4PjKx46B5gTN10RuksF0q1r/hNo=,+dbxg4PoMxfuc7NAc0hXTQ4olYc=
16,-10,4PjKx46B5gTN10RuksF0q1r/hNo=,+dbxg4PoMxfuc7NAc0hXTQ4olYc=
1,-3,DDx8sg6l9/H2g1HqOLE0nYIGQbg=,LGkvlEUpSzenPByOFKgeUTdJcXE=
2,-2,DDx8sg6l9/H2g1HqOLE0nYIGQbg=,LGkvlEUpSzenPByOFKgeUTdJcXE=
2,-3,DDx8sg6l9/H2g1HqOLE0nYIGQbg=,LGkvlEUpSzenPByOFKgeUTdJcXE=
1,-2,DDx8sg6l9/H2g1HqOLE0nYIGQbg=,LGkvlEUpSzenPByOFKgeUTdJcXE=
3,-3,DDx8sg6l9/H2g1HqOLE0nYIGQbg=,LGkvlEUpSzenPByOFKgeUTdJcXE=
3,-2,DDx8sg6l9/H2g1HqOLE0nYIGQbg=,LGkvlEUpSzenPByOFKgeUTdJcXE=
5,-2,DDx8sg6l9/H2g1HqOLE0nYIGQbg=,PPZtvjuuPdYmKMB+p83vizDIM3k=
6,-2,DDx8sg6l9/H2g1HqOLE0nYIGQbg=,PPZtvjuuPdYmKMB+p83vizDIM3k=
4,-2,DDx8sg6l9/H2g1HqOLE0nYIGQbg=,PPZtvjuuPdYmKMB+p83vizDIM3k=
4,-3,DDx8sg6l9/H2g1HqOLE0nYIGQbg=,PPZtvjuuPdYmKMB+p83vizDIM3k=
6,-3,DDx8sg6l9/H2g1HqOLE0nYIGQbg=,PPZtvjuuPdYmKMB+p83vizDIM3k=
5,-3,DDx8sg6l9/H2g1HqOLE0nYIGQbg=,PPZtvjuuPdYmKMB+p83vizDIM3k=
1,-5,DDx8sg6l9/H2g1HqOLE0nYIGQbg=,OfSnbxFppqFJL+X0XZ8+UEZcozo=
2,-5,DDx8sg6l9/H2g1HqOLE0nYIGQbg=,OfSnbxFppqFJL+X0XZ8+UEZcozo=
2,-6,DDx8sg6l9/H2g1HqOLE0nYIGQbg=,OfSnbxFppqFJL+X0XZ8+UEZcozo=
1,-4,DDx8sg6l9/H2g1HqOLE0nYIGQbg=,LGkvlEUpSzenPByOFKgeUTdJcXE=
2,-4,DDx8sg6l9/H2g1HqOLE0nYIGQbg=,LGkvlEUpSzenPByOFKgeUTdJcXE=
1,-7,DDx8sg6l9/H2g1HqOLE0nYIGQbg=,OfSnbxFppqFJL+X0XZ8+UEZcozo=
1,-6,DDx8sg6l9/H2g1HqOLE0nYIGQbg=,OfSnbxFppqFJL+X0XZ8+UEZcozo=
2,-7,DDx8sg6l9/H2g1HqOLE0nYIGQbg=,OfSnbxFppqFJL+X0XZ8+UEZcozo=
4,-5,DDx8sg6l9/H2g1HqOLE0nYIGQbg=,sY+SMOkpoCK8LFKATmFn/2FPzIU=
5,-5,DDx8sg6l9/H2g1HqOLE0nYIGQbg=,sY+SMOkpoCK8LFKATmFn/2FPzIU=
4,-4,DDx8sg6l9/H2g1HqOLE0nYIGQbg=,PPZtvjuuPdYmKMB+p83vizDIM3k=
5,-4,DDx8sg6l9/H2g1HqOLE0nYIGQbg=,PPZtvjuuPdYmKMB+p83vizDIM3k=
3,-6,DDx8sg6l9/H2g1HqOLE0nYIGQbg=,OfSnbxFppqFJL+X0XZ8+UEZcozo=
3,-7,DDx8sg6l9/H2g1HqOLE0nYIGQbg=,OfSnbxFppqFJL+X0XZ8+UEZcozo=
6,-5,DDx8sg6l9/H2g1HqOLE0nYIGQbg=,sY+SMOkpoCK8LFKATmFn/2FPzIU=
6,-6,DDx8sg6l9/H2g1HqOLE0nYIGQbg=,sY+SMOkpoCK8LFKATmFn/2FPzIU=
3,-4,DDx8sg6l9/H2g1HqOLE0nYIGQbg=,LGkvlEUpSzenPByOFKgeUTdJcXE=
4,-7,DDx8sg6l9/H2g1HqOLE0nYIGQbg=,sY+SMOkpoCK8LFKATmFn/2FPzIU=
5,-6,DDx8sg6l9/H2g1HqOLE0nYIGQbg=,sY+SMOkpoCK8LFKATmFn/2FPzIU=
5,-7,DDx8sg6l9/H2g1HqOLE0nYIGQbg=,sY+SMOkpoCK8LFKATmFn/2FPzIU=
4,-6,DDx8sg6l9/H2g1HqOLE0nYIGQbg=,sY+SMOkpoCK8LFKATmFn/2FPzIU=
6,-4,DDx8sg6l9/H2g1HqOLE0nYIGQbg=,PPZtvjuuPdYmKMB+p83vizDIM3k=
3,-5,DDx8sg6l9/H2g1HqOLE0nYIGQbg=,OfSnbxFppqFJL+X0XZ8+UEZcozo=
6,-7,DDx8sg6l9/H2g1HqOLE0nYIGQbg=,sY+SMOkpoCK8LFKATmFn/2FPzIU=
1,-15,DDx8sg6l9/H2g1HqOLE0nYIGQbg=,kALGLyCI1zIAyBv0rPLPB/Q4myY=
2,-14,DDx8sg6l9/H2g1HqOLE0nYIGQbg=,kALGLyCI1zIAyBv0rPLPB/Q4myY=
1,-14,DDx8sg6l9/H2g1HqOLE0nYIGQbg=,kALGLyCI1zIAyBv0rPLPB/Q4myY=
2,-15,LiA+OzAw79jRp1dm9Sw3185brQc=,kALGLyCI1zIAyBv0rPLPB/Q4myY=
1,-9,LiA+OzAw79jRp1dm9Sw3185brQc=,ZJmys4BQFC5GKim/Kn7y43LLpT0=
1,-11,LiA+OzAw79jRp1dm9Sw3185brQc=,ZJmys4BQFC5GKim/Kn7y43LLpT0=
2,-11,LiA+OzAw79jRp1dm9Sw3185brQc=,ZJmys4BQFC5GKim/Kn7y43LLpT0=
2,-9,LiA+OzAw79jRp1dm9Sw3185brQc=,ZJmys4BQFC5GKim/Kn7y43LLpT0=
3,-15,LiA+OzAw79jRp1dm9Sw3185brQc=,kALGLyCI1zIAyBv0rPLPB/Q4myY=
1,-10,LiA+OzAw79jRp1dm9Sw3185brQc=,ZJmys4BQFC5GKim/Kn7y43LLpT0=
3,-14,LiA+OzAw79jRp1dm9Sw3185brQc=,kALGLyCI1zIAyBv0rPLPB/Q4myY=
1,-8,LiA+OzAw79jRp1dm9Sw3185brQc=,OfSnbxFppqFJL+X0XZ8+UEZcozo=
4,-15,LiA+OzAw79jRp1dm9Sw3185brQc=,3FVmoMCoKbUZMEJCFuS5Z4ZACnc=
2,-10,LiA+OzAw79jRp1dm9Sw3185brQc=,ZJmys4BQFC5GKim/Kn7y43LLpT0=
5,-15,LiA+OzAw79jRp1dm9Sw3185brQc=,3FVmoMCoKbUZMEJCFuS5Z4ZACnc=
6,-14,LiA+OzAw79jRp1dm9Sw3185brQc=,3FVmoMCoKbUZMEJCFuS5Z4ZACnc=
2,-8,LiA+OzAw79jRp1dm9Sw3185brQc=,OfSnbxFppqFJL+X0XZ8+UEZcozo=
6,-15,LiA+OzAw79jRp1dm9Sw3185brQc=,3FVmoMCoKbUZMEJCFuS5Z4ZACnc=
1,-13,LiA+OzAw79jRp1dm9Sw3185brQc=,kALGLyCI1zIAyBv0rPLPB/Q4myY=
2,-12,LiA+OzAw79jRp1dm9Sw3185brQc=,ZJmys4BQFC5GKim/Kn7y43LLpT0=
5,-14,LiA+OzAw79jRp1dm9Sw3185brQc=,3FVmoMCoKbUZMEJCFuS5Z4ZACnc=
4,-14,LiA+OzAw79jRp1dm9Sw3185brQc=,3FVmoMCoKbUZMEJCFuS5Z4ZACnc=
2,-13,LiA+OzAw79jRp1dm9Sw3185brQc=,kALGLyCI1zIAyBv0rPLPB/Q4myY=
1,-12,LiA+OzAw79jRp1dm9Sw3185brQc=,ZJmys4BQFC5GKim/Kn7y43LLpT0=
4,-13,LiA+OzAw79jRp1dm9Sw3185brQc=,3FVmoMCoKbUZMEJCFuS5Z4ZACnc=
5,-13,LiA+OzAw79jRp1dm9Sw3185brQc=,3FVmoMCoKbUZMEJCFuS5Z4ZACnc=
6,-13,LiA+OzAw79jRp1dm9Sw3185brQc=,3FVmoMCoKbUZMEJCFuS5Z4ZACnc=
4,-9,LiA+OzAw79jRp1dm9Sw3185brQc=,8g2XsM8+19odnrY7qQdXQnKr8WE=
5,-9,LiA+OzAw79jRp1dm9Sw3185brQc=,8g2XsM8+19odnrY7qQdXQnKr8WE=
3,-12,LiA+OzAw79jRp1dm9Sw3185brQc=,ZJmys4BQFC5GKim/Kn7y43LLpT0=
3,-9,LiA+OzAw79jRp1dm9Sw3185brQc=,ZJmys4BQFC5GKim/Kn7y43LLpT0=
6,-10,LiA+OzAw79jRp1dm9Sw3185brQc=,8g2XsM8+19odnrY7qQdXQnKr8WE=
3,-11,LiA+OzAw79jRp1dm9Sw3185brQc=,ZJmys4BQFC5GKim/Kn7y43LLpT0=
4,-8,LiA+OzAw79jRp1dm9Sw3185brQc=,sY+SMOkpoCK8LFKATmFn/2FPzIU=
3,-13,LiA+OzAw79jRp1dm9Sw3185brQc=,kALGLyCI1zIAyBv0rPLPB/Q4myY=
5,-10,LiA+OzAw79jRp1dm9Sw3185brQc=,8g2XsM8+19odnrY7qQdXQnKr8WE=
5,-8,LiA+OzAw79jRp1dm9Sw3185brQc=,sY+SMOkpoCK8LFKATmFn/2FPzIU=
3,-8,LiA+OzAw79jRp1dm9Sw3185brQc=,OfSnbxFppqFJL+X0XZ8+UEZcozo=
3,-10,LiA+OzAw79jRp1dm9Sw3185brQc=,ZJmys4BQFC5GKim/Kn7y43LLpT0=
4,-10,LiA+OzAw79jRp1dm9Sw3185brQc=,8g2XsM8+19odnrY7qQdXQnKr8WE=
6,-8,LiA+OzAw79jRp1dm9Sw3185brQc=,sY+SMOkpoCK8LFKATmFn/2FPzIU=
6,-11,LiA+OzAw79jRp1dm9Sw3185brQc=,8g2XsM8+19odnrY7qQdXQnKr8WE=
4,-12,LiA+OzAw79jRp1dm9Sw3185brQc=,8g2XsM8+19odnrY7qQdXQnKr8WE=
4,-11,LiA+OzAw79jRp1dm9Sw3185brQc=,8g2XsM8+19odnrY7qQdXQnKr8WE=
6,-9,LiA+OzAw79jRp1dm9Sw3185brQc=,8g2XsM8+19odnrY7qQdXQnKr8WE=
6,-12,LiA+OzAw79jRp1dm9Sw3185brQc=,8g2XsM8+19odnrY7qQdXQnKr8WE=
5,-11,LiA+OzAw79jRp1dm9Sw3185brQc=,8g2XsM8+19odnrY7qQdXQnKr8WE=
5,-12,LiA+OzAw79jRp1dm9Sw3185brQc=,8g2XsM8+19odnrY7qQdXQnKr8WE=
8,-11,kZlEoo72Z7B1EHdVMPwLncTAKWs=,89uhMHOybruDa+Fge7C/OIYiTcE=
7,-10,kZlEoo72Z7B1EHdVMPwLncTAKWs=,8g2XsM8+19odnrY7qQdXQnKr8WE=
8,-14,kZlEoo72Z7B1EHdVMPwLncTAKWs=,mqlbeHRHF3H7mYtQOUDAKrn357k=
10,-10,kZlEoo72Z7B1EHdVMPwLncTAKWs=,89uhMHOybruDa+Fge7C/OIYiTcE=
9,-10,kZlEoo72Z7B1EHdVMPwLncTAKWs=,89uhMHOybruDa+Fge7C/OIYiTcE=
8,-10,kZlEoo72Z7B1EHdVMPwLncTAKWs=,89uhMHOybruDa+Fge7C/OIYiTcE=
7,-11,kZlEoo72Z7B1EHdVMPwLncTAKWs=,8g2XsM8+19odnrY7qQdXQnKr8WE=
9,-14,kZlEoo72Z7B1EHdVMPwLncTAKWs=,mqlbeHRHF3H7mYtQOUDAKrn357k=
9,-11,kZlEoo72Z7B1EHdVMPwLncTAKWs=,89uhMHOybruDa+Fge7C/OIYiTcE=
7,-14,kZlEoo72Z7B1EHdVMPwLncTAKWs=,3FVmoMCoKbUZMEJCFuS5Z4ZACnc=
7,-15,kZlEoo72Z7B1EHdVMPwLncTAKWs=,3FVmoMCoKbUZMEJCFuS5Z4ZACnc=
10,-11,kZlEoo72Z7B1EHdVMPwLncTAKWs=,89uhMHOybruDa+Fge7C/OIYiTcE=
10,-12,kZlEoo72Z7B1EHdVMPwLncTAKWs=,89uhMHOybruDa+Fge7C/OIYiTcE=
7,-12,kZlEoo72Z7B1EHdVMPwLncTAKWs=,8g2XsM8+19odnrY7qQdXQnKr8WE=
9,-15,kZlEoo72Z7B1EHdVMPwLncTAKWs=,mqlbeHRHF3H7mYtQOUDAKrn357k=
8,-15,kZlEoo72Z7B1EHdVMPwLncTAKWs=,mqlbeHRHF3H7mYtQOUDAKrn357k=
7,-13,kZlEoo72Z7B1EHdVMPwLncTAKWs=,3FVmoMCoKbUZMEJCFuS5Z4ZACnc=
9,-12,kZlEoo72Z7B1EHdVMPwLncTAKWs=,89uhMHOybruDa+Fge7C/OIYiTcE=
12,-15,kZlEoo72Z7B1EHdVMPwLncTAKWs=,1RF0hVIwV1NA5kiSaHvk270zl2U=
10,-14,kZlEoo72Z7B1EHdVMPwLncTAKWs=,mqlbeHRHF3H7mYtQOUDAKrn357k=
12,-11,kZlEoo72Z7B1EHdVMPwLncTAKWs=,IOpa10SUTMCZOaTz9Ua3N1atE/8=
11,-15,kZlEoo72Z7B1EHdVMPwLncTAKWs=,mqlbeHRHF3H7mYtQOUDAKrn357k=
14,-14,kZlEoo72Z7B1EHdVMPwLncTAKWs=,1RF0hVIwV1NA5kiSaHvk270zl2U=
13,-14,kZlEoo72Z7B1EHdVMPwLncTAKWs=,1RF0hVIwV1NA5kiSaHvk270zl2U=
11,-10,kZlEoo72Z7B1EHdVMPwLncTAKWs=,89uhMHOybruDa+Fge7C/OIYiTcE=
11,-14,kZlEoo72Z7B1EHdVMPwLncTAKWs=,mqlbeHRHF3H7mYtQOUDAKrn357k=
12,-14,kZlEoo72Z7B1EHdVMPwLncTAKWs=,1RF0hVIwV1NA5kiSaHvk270zl2U=
14,-15,kZlEoo72Z7B1EHdVMPwLncTAKWs=,1RF0hVIwV1NA5kiSaHvk270zl2U=
13,-15,kZlEoo72Z7B1EHdVMPwLncTAKWs=,1RF0hVIwV1NA5kiSaHvk270zl2U=
8,-13,kZlEoo72Z7B1EHdVMPwLncTAKWs=,mqlbeHRHF3H7mYtQOUDAKrn357k=
11,-13,kZlEoo72Z7B1EHdVMPwLncTAKWs=,mqlbeHRHF3H7mYtQOUDAKrn357k=
8,-12,kZlEoo72Z7B1EHdVMPwLncTAKWs=,89uhMHOybruDa+Fge7C/OIYiTcE=
10,-13,kZlEoo72Z7B1EHdVMPwLncTAKWs=,mqlbeHRHF3H7mYtQOUDAKrn357k=
10,-15,kZlEoo72Z7B1EHdVMPwLncTAKWs=,mqlbeHRHF3H7mYtQOUDAKrn357k=
13,-12,kZlEoo72Z7B1EHdVMPwLncTAKWs=,IOpa10SUTMCZOaTz9Ua3N1atE/8=
14,-12,kZlEoo72Z7B1EHdVMPwLncTAKWs=,IOpa10SUTMCZOaTz9Ua3N1atE/8=
9,-13,kZlEoo72Z7B1EHdVMPwLncTAKWs=,mqlbeHRHF3H7mYtQOUDAKrn357k=
14,-10,kZlEoo72Z7B1EHdVMPwLncTAKWs=,IOpa10SUTMCZOaTz9Ua3N1atE/8=
12,-12,kZlEoo72Z7B1EHdVMPwLncTAKWs=,IOpa10SUTMCZOaTz9Ua3N1atE/8=
12,-10,kZlEoo72Z7B1EHdVMPwLncTAKWs=,IOpa10SUTMCZOaTz9Ua3N1atE/8=
11,-12,kZlEoo72Z7B1EHdVMPwLncTAKWs=,89uhMHOybruDa+Fge7C/OIYiTcE=
12,-13,kZlEoo72Z7B1EHdVMPwLncTAKWs=,1RF0hVIwV1NA5kiSaHvk270zl2U=
13,-13,kZlEoo72Z7B1EHdVMPwLncTAKWs=,1RF0hVIwV1NA5kiSaHvk270zl2U=
14,-13,kZlEoo72Z7B1EHdVMPwLncTAKWs=,1RF0hVIwV1NA5kiSaHvk270zl2U=
14,-11,kZlEoo72Z7B1EHdVMPwLncTAKWs=,IOpa10SUTMCZOaTz9Ua3N1atE/8=
13,-11,kZlEoo72Z7B1EHdVMPwLncTAKWs=,IOpa10SUTMCZOaTz9Ua3N1atE/8=
11,-11,kZlEoo72Z7B1EHdVMPwLncTAKWs=,89uhMHOybruDa+Fge7C/OIYiTcE=
13,-10,kZlEoo72Z7B1EHdVMPwLncTAKWs=,IOpa10SUTMCZOaTz9Ua3N1atE/8=
13,-7,kZlEoo72Z7B1EHdVMPwLncTAKWs=,CRpRAd1i7m2yHmEGsavVzL1KeAI=
14,-8,kZlEoo72Z7B1EHdVMPwLncTAKWs=,CRpRAd1i7m2yHmEGsavVzL1KeAI=
14,-9,kZlEoo72Z7B1EHdVMPwLncTAKWs=,IOpa10SUTMCZOaTz9Ua3N1atE/8=
13,-8,kZlEoo72Z7B1EHdVMPwLncTAKWs=,CRpRAd1i7m2yHmEGsavVzL1KeAI=
13,-9,kZlEoo72Z7B1EHdVMPwLncTAKWs=,IOpa10SUTMCZOaTz9Ua3N1atE/8=
14,-6,kZlEoo72Z7B1EHdVMPwLncTAKWs=,CRpRAd1i7m2yHmEGsavVzL1KeAI=
13,-6,kZlEoo72Z7B1EHdVMPwLncTAKWs=,CRpRAd1i7m2yHmEGsavVzL1KeAI=
14,-7,kZlEoo72Z7B1EHdVMPwLncTAKWs=,CRpRAd1i7m2yHmEGsavVzL1KeAI=
15,-7,kZlEoo72Z7B1EHdVMPwLncTAKWs=,CRpRAd1i7m2yHmEGsavVzL1KeAI=
15,-6,kZlEoo72Z7B1EHdVMPwLncTAKWs=,CRpRAd1i7m2yHmEGsavVzL1KeAI=
10,-3,kZlEoo72Z7B1EHdVMPwLncTAKWs=,0MBEB2Ak6ydtmqeFXTPqJHfgeTI=
8,-2,kZlEoo72Z7B1EHdVMPwLncTAKWs=,0MBEB2Ak6ydtmqeFXTPqJHfgeTI=
10,-1,kZlEoo72Z7B1EHdVMPwLncTAKWs=,0MBEB2Ak6ydtmqeFXTPqJHfgeTI=
10,-2,kZlEoo72Z7B1EHdVMPwLncTAKWs=,0MBEB2Ak6ydtmqeFXTPqJHfgeTI=
9,-3,kZlEoo72Z7B1EHdVMPwLncTAKWs=,0MBEB2Ak6ydtmqeFXTPqJHfgeTI=
7,-2,kZlEoo72Z7B1EHdVMPwLncTAKWs=,PPZtvjuuPdYmKMB+p83vizDIM3k=
9,-1,kZlEoo72Z7B1EHdVMPwLncTAKWs=,0MBEB2Ak6ydtmqeFXTPqJHfgeTI=
8,-3,kZlEoo72Z7B1EHdVMPwLncTAKWs=,0MBEB2Ak6ydtmqeFXTPqJHfgeTI=
7,-3,kZlEoo72Z7B1EHdVMPwLncTAKWs=,PPZtvjuuPdYmKMB+p83vizDIM3k=
9,-2,kZlEoo72Z7B1EHdVMPwLncTAKWs=,0MBEB2Ak6ydtmqeFXTPqJHfgeTI=
12,-2,kZlEoo72Z7B1EHdVMPwLncTAKWs=,Nm53lG5UVuBzGaNgyAKLanFgFOU=
14,-3,kZlEoo72Z7B1EHdVMPwLncTAKWs=,Nm53lG5UVuBzGaNgyAKLanFgFOU=
11,-2,kZlEoo72Z7B1EHdVMPwLncTAKWs=,0MBEB2Ak6ydtmqeFXTPqJHfgeTI=
13,-5,kZlEoo72Z7B1EHdVMPwLncTAKWs=,CRpRAd1i7m2yHmEGsavVzL1KeAI=
13,-3,kZlEoo72Z7B1EHdVMPwLncTAKWs=,Nm53lG5UVuBzGaNgyAKLanFgFOU=
14,-4,kZlEoo72Z7B1EHdVMPwLncTAKWs=,Nm53lG5UVuBzGaNgyAKLanFgFOU=
14,-5,kZlEoo72Z7B1EHdVMPwLncTAKWs=,CRpRAd1i7m2yHmEGsavVzL1KeAI=
12,-3,kZlEoo72Z7B1EHdVMPwLncTAKWs=,Nm53lG5UVuBzGaNgyAKLanFgFOU=
11,-3,kZlEoo72Z7B1EHdVMPwLncTAKWs=,0MBEB2Ak6ydtmqeFXTPqJHfgeTI=
13,-4,kZlEoo72Z7B1EHdVMPwLncTAKWs=,Nm53lG5UVuBzGaNgyAKLanFgFOU=
14,-2,kZlEoo72Z7B1EHdVMPwLncTAKWs=,Nm53lG5UVuBzGaNgyAKLanFgFOU=
13,-2,kZlEoo72Z7B1EHdVMPwLncTAKWs=,Nm53lG5UVuBzGaNgyAKLanFgFOU=
15,-5,kZlEoo72Z7B1EHdVMPwLncTAKWs=,CRpRAd1i7m2yHmEGsavVzL1KeAI=
14,-1,kZlEoo72Z7B1EHdVMPwLncTAKWs=,Nm53lG5UVuBzGaNgyAKLanFgFOU=
15,-4,kZlEoo72Z7B1EHdVMPwLncTAKWs=,Nm53lG5UVuBzGaNgyAKLanFgFOU=
15,-2,kZlEoo72Z7B1EHdVMPwLncTAKWs=,Nm53lG5UVuBzGaNgyAKLanFgFOU=
15,-1,kZlEoo72Z7B1EHdVMPwLncTAKWs=,Nm53lG5UVuBzGaNgyAKLanFgFOU=
13,-1,kZlEoo72Z7B1EHdVMPwLncTAKWs=,Nm53lG5UVuBzGaNgyAKLanFgFOU=
12,-1,kZlEoo72Z7B1EHdVMPwLncTAKWs=,Nm53lG5UVuBzGaNgyAKLanFgFOU=
15,-3,kZlEoo72Z7B1EHdVMPwLncTAKWs=,Nm53lG5UVuBzGaNgyAKLanFgFOU=
11,-1,kZlEoo72Z7B1EHdVMPwLncTAKWs=,0MBEB2Ak6ydtmqeFXTPqJHfgeTI=
7,-6,kZlEoo72Z7B1EHdVMPwLncTAKWs=,sY+SMOkpoCK8LFKATmFn/2FPzIU=
11,-4,kZlEoo72Z7B1EHdVMPwLncTAKWs=,0MBEB2Ak6ydtmqeFXTPqJHfgeTI=
8,-9,kZlEoo72Z7B1EHdVMPwLncTAKWs=,89uhMHOybruDa+Fge7C/OIYiTcE=
8,-6,kZlEoo72Z7B1EHdVMPwLncTAKWs=,n+VuTlJoVZrC3UpkD2Kr85k9SgA=
9,-4,kZlEoo72Z7B1EHdVMPwLncTAKWs=,0MBEB2Ak6ydtmqeFXTPqJHfgeTI=
8,-4,kZlEoo72Z7B1EHdVMPwLncTAKWs=,0MBEB2Ak6ydtmqeFXTPqJHfgeTI=
11,-5,kZlEoo72Z7B1EHdVMPwLncTAKWs=,n+VuTlJoVZrC3UpkD2Kr85k9SgA=
10,-5,kZlEoo72Z7B1EHdVMPwLncTAKWs=,n+VuTlJoVZrC3UpkD2Kr85k9SgA=
9,-6,kZlEoo72Z7B1EHdVMPwLncTAKWs=,n+VuTlJoVZrC3UpkD2Kr85k9SgA=
11,-7,kZlEoo72Z7B1EHdVMPwLncTAKWs=,n+VuTlJoVZrC3UpkD2Kr85k9SgA=
10,-7,kZlEoo72Z7B1EHdVMPwLncTAKWs=,n+VuTlJoVZrC3UpkD2Kr85k9SgA=
9,-7,kZlEoo72Z7B1EHdVMPwLncTAKWs=,n+VuTlJoVZrC3UpkD2Kr85k9SgA=
8,-7,kZlEoo72Z7B1EHdVMPwLncTAKWs=,n+VuTlJoVZrC3UpkD2Kr85k9SgA=
7,-8,kZlEoo72Z7B1EHdVMPwLncTAKWs=,sY+SMOkpoCK8LFKATmFn/2FPzIU=
9,-5,kZlEoo72Z7B1EHdVMPwLncTAKWs=,n+VuTlJoVZrC3UpkD2Kr85k9SgA=
8,-5,kZlEoo72Z7B1EHdVMPwLncTAKWs=,n+VuTlJoVZrC3UpkD2Kr85k9SgA=
12,-7,kZlEoo72Z7B1EHdVMPwLncTAKWs=,CRpRAd1i7m2yHmEGsavVzL1KeAI=
12,-5,kZlEoo72Z7B1EHdVMPwLncTAKWs=,CRpRAd1i7m2yHmEGsavVzL1KeAI=
11,-8,kZlEoo72Z7B1EHdVMPwLncTAKWs=,n+VuTlJoVZrC3UpkD2Kr85k9SgA=
10,-8,kZlEoo72Z7B1EHdVMPwLncTAKWs=,n+VuTlJoVZrC3UpkD2Kr85k9SgA=
9,-8,kZlEoo72Z7B1EHdVMPwLncTAKWs=,n+VuTlJoVZrC3UpkD2Kr85k9SgA=
12,-8,kZlEoo72Z7B1EHdVMPwLncTAKWs=,CRpRAd1i7m2yHmEGsavVzL1KeAI=
8,-8,kZlEoo72Z7B1EHdVMPwLncTAKWs=,n+VuTlJoVZrC3UpkD2Kr85k9SgA=
7,-7,kZlEoo72Z7B1EHdVMPwLncTAKWs=,sY+SMOkpoCK8LFKATmFn/2FPzIU=
7,-9,kZlEoo72Z7B1EHdVMPwLncTAKWs=,8g2XsM8+19odnrY7qQdXQnKr8WE=
9,-9,kZlEoo72Z7B1EHdVMPwLncTAKWs=,89uhMHOybruDa+Fge7C/OIYiTcE=
7,-4,kZlEoo72Z7B1EHdVMPwLncTAKWs=,PPZtvjuuPdYmKMB+p83vizDIM3k=
12,-4,kZlEoo72Z7B1EHdVMPwLncTAKWs=,Nm53lG5UVuBzGaNgyAKLanFgFOU=
10,-6,kZlEoo72Z7B1EHdVMPwLncTAKWs=,n+VuTlJoVZrC3UpkD2Kr85k9SgA=
12,-9,kZlEoo72Z7B1EHdVMPwLncTAKWs=,IOpa10SUTMCZOaTz9Ua3N1atE/8=
7,-5,kZlEoo72Z7B1EHdVMPwLncTAKWs=,sY+SMOkpoCK8LFKATmFn/2FPzIU=
11,-6,kZlEoo72Z7B1EHdVMPwLncTAKWs=,n+VuTlJoVZrC3UpkD2Kr85k9SgA=
10,-4,kZlEoo72Z7B1EHdVMPwLncTAKWs=,0MBEB2Ak6ydtmqeFXTPqJHfgeTI=
12,-6,kZlEoo72Z7B1EHdVMPwLncTAKWs=,CRpRAd1i7m2yHmEGsavVzL1KeAI=
10,-9,kZlEoo72Z7B1EHdVMPwLncTAKWs=,89uhMHOybruDa+Fge7C/OIYiTcE=
15,-8,kZlEoo72Z7B1EHdVMPwLncTAKWs=,CRpRAd1i7m2yHmEGsavVzL1KeAI=
15,-10,kZlEoo72Z7B1EHdVMPwLncTAKWs=,IOpa10SUTMCZOaTz9Ua3N1atE/8=
15,-9,kZlEoo72Z7B1EHdVMPwLncTAKWs=,IOpa10SUTMCZOaTz9Ua3N1atE/8=
15,-11,kZlEoo72Z7B1EHdVMPwLncTAKWs=,IOpa10SUTMCZOaTz9Ua3N1atE/8=
11,-9,kZlEoo72Z7B1EHdVMPwLncTAKWs=,89uhMHOybruDa+Fge7C/OIYiTcE=
13,-16,kZlEoo72Z7B1EHdVMPwLncTAKWs=,1RF0hVIwV1NA5kiSaHvk270zl2U=
15,-15,kZlEoo72Z7B1EHdVMPwLncTAKWs=,1RF0hVIwV1NA5kiSaHvk270zl2U=
15,-14,kZlEoo72Z7B1EHdVMPwLncTAKWs=,1RF0hVIwV1NA5kiSaHvk270zl2U=
15,-13,kZlEoo72Z7B1EHdVMPwLncTAKWs=,1RF0hVIwV1NA5kiSaHvk270zl2U=
14,-16,kZlEoo72Z7B1EHdVMPwLncTAKWs=,1RF0hVIwV1NA5kiSaHvk270zl2U=
8,-16,kZlEoo72Z7B1EHdVMPwLncTAKWs=,mqlbeHRHF3H7mYtQOUDAKrn357k=
15,-12,kZlEoo72Z7B1EHdVMPwLncTAKWs=,IOpa10SUTMCZOaTz9Ua3N1atE/8=
5,-16,kZlEoo72Z7B1EHdVMPwLncTAKWs=,3FVmoMCoKbUZMEJCFuS5Z4ZACnc=
11,-16,kZlEoo72Z7B1EHdVMPwLncTAKWs=,mqlbeHRHF3H7mYtQOUDAKrn357k=
12,-16,kZlEoo72Z7B1EHdVMPwLncTAKWs=,1RF0hVIwV1NA5kiSaHvk270zl2U=
10,-16,kZlEoo72Z7B1EHdVMPwLncTAKWs=,mqlbeHRHF3H7mYtQOUDAKrn357k=
7,-16,kZlEoo72Z7B1EHdVMPwLncTAKWs=,3FVmoMCoKbUZMEJCFuS5Z4ZACnc=
9,-16,kZlEoo72Z7B1EHdVMPwLncTAKWs=,mqlbeHRHF3H7mYtQOUDAKrn357k=
4,-16,kZlEoo72Z7B1EHdVMPwLncTAKWs=,3FVmoMCoKbUZMEJCFuS5Z4ZACnc=
3,-16,kZlEoo72Z7B1EHdVMPwLncTAKWs=,kALGLyCI1zIAyBv0rPLPB/Q4myY=
6,-16,kZlEoo72Z7B1EHdVMPwLncTAKWs=,3FVmoMCoKbUZMEJCFuS5Z4ZACnc=
2,-16,kZlEoo72Z7B1EHdVMPwLncTAKWs=,kALGLyCI1zIAyBv0rPLPB/Q4myY=
0,-14,kZlEoo72Z7B1EHdVMPwLncTAKWs=,kALGLyCI1zIAyBv0rPLPB/Q4myY=
0,-15,kZlEoo72Z7B1EHdVMPwLncTAKWs=,kALGLyCI1zIAyBv0rPLPB/Q4myY=
1,-16,kZlEoo72Z7B1EHdVMPwLncTAKWs=,kALGLyCI1zIAyBv0rPLPB/Q4myY=
0,-11,kZlEoo72Z7B1EHdVMPwLncTAKWs=,ZJmys4BQFC5GKim/Kn7y43LLpT0=
0,-12,kZlEoo72Z7B1EHdVMPwLncTAKWs=,ZJmys4BQFC5GKim/Kn7y43LLpT0=
0,-10,kZlEoo72Z7B1EHdVMPwLncTAKWs=,ZJmys4BQFC5GKim/Kn7y43LLpT0=
0,-13,kZlEoo72Z7B1EHdVMPwLncTAKWs=,kALGLyCI1zIAyBv0rPLPB/Q4myY=
0,-3,kZlEoo72Z7B1EHdVMPwLncTAKWs=,LGkvlEUpSzenPByOFKgeUTdJcXE=
0,-2,kZlEoo72Z7B1EHdVMPwLncTAKWs=,LGkvlEUpSzenPByOFKgeUTdJcXE=
0,-4,kZlEoo72Z7B1EHdVMPwLncTAKWs=,LGkvlEUpSzenPByOFKgeUTdJcXE=
0,-16,kZlEoo72Z7B1EHdVMPwLncTAKWs=,kALGLyCI1zIAyBv0rPLPB/Q4myY=
15,-16,kZlEoo72Z7B1EHdVMPwLncTAKWs=,1RF0hVIwV1NA5kiSaHvk270zl2U=
0,-7,kZlEoo72Z7B1EHdVMPwLncTAKWs=,OfSnbxFppqFJL+X0XZ8+UEZcozo=
0,-8,kZlEoo72Z7B1EHdVMPwLncTAKWs=,OfSnbxFppqFJL+X0XZ8+UEZcozo=
0,-1,kZlEoo72Z7B1EHdVMPwLncTAKWs=,LGkvlEUpSzenPByOFKgeUTdJcXE=
0,-5,kZlEoo72Z7B1EHdVMPwLncTAKWs=,OfSnbxFppqFJL+X0XZ8+UEZcozo=
0,-6,kZlEoo72Z7B1EHdVMPwLncTAKWs=,OfSnbxFppqFJL+X0XZ8+UEZcozo=
0,-9,kZlEoo72Z7B1EHdVMPwLncTAKWs=,ZJmys4BQFC5GKim/Kn7y43LLpT0=
2,-1,kZlEoo72Z7B1EHdVMPwLncTAKWs=,LGkvlEUpSzenPByOFKgeUTdJcXE=
3,-1,kZlEoo72Z7B1EHdVMPwLncTAKWs=,LGkvlEUpSzenPByOFKgeUTdJcXE=
1,-1,kZlEoo72Z7B1EHdVMPwLncTAKWs=,LGkvlEUpSzenPByOFKgeUTdJcXE=
7,-1,kZlEoo72Z7B1EHdVMPwLncTAKWs=,PPZtvjuuPdYmKMB+p83vizDIM3k=
8,-1,kZlEoo72Z7B1EHdVMPwLncTAKWs=,0MBEB2Ak6ydtmqeFXTPqJHfgeTI=
5,-1,kZlEoo72Z7B1EHdVMPwLncTAKWs=,PPZtvjuuPdYmKMB+p83vizDIM3k=
4,-1,kZlEoo72Z7B1EHdVMPwLncTAKWs=,PPZtvjuuPdYmKMB+p83vizDIM3k=
6,-1,kZlEoo72Z7B1EHdVMPwLncTAKWs=,PPZtvjuuPdYmKMB+p83vizDIM3k=
