-44,-5,qWgKxBhGqsi8PW/ye7mwC/mYfOs=,bUvS1o9euvNKdy4DwIDGyQjoFaU=
-43,-5,qWgKxBhGqsi8PW/ye7mwC/mYfOs=,bUvS1o9euvNKdy4DwIDGyQjoFaU=
-42,-5,qWgKxBhGqsi8PW/ye7mwC/mYfOs=,bUvS1o9euvNKdy4DwIDGyQjoFaU=
-45,-5,qWgKxBhGqsi8PW/ye7mwC/mYfOs=,bUvS1o9euvNKdy4DwIDGyQjoFaU=
-46,-5,qWgKxBhGqsi8PW/ye7mwC/mYfOs=,bUvS1o9euvNKdy4DwIDGyQjoFaU=
-47,-5,qWgKxBhGqsi8PW/ye7mwC/mYfOs=,bUvS1o9euvNKdy4DwIDGyQjoFaU=
-42,-6,qWgKxBhGqsi8PW/ye7mwC/mYfOs=,bUvS1o9euvNKdy4DwIDGyQjoFaU=
-43,-6,qWgKxBhGqsi8PW/ye7mwC/mYfOs=,bUvS1o9euvNKdy4DwIDGyQjoFaU=
-44,-6,qWgKxBhGqsi8PW/ye7mwC/mYfOs=,bUvS1o9euvNKdy4DwIDGyQjoFaU=
-45,-6,qWgKxBhGqsi8PW/ye7mwC/mYfOs=,bUvS1o9euvNKdy4DwIDGyQjoFaU=
-46,-6,qWgKxBhGqsi8PW/ye7mwC/mYfOs=,bUvS1o9euvNKdy4DwIDGyQjoFaU=
-47,-6,qWgKxBhGqsi8PW/ye7mwC/mYfOs=,bUvS1o9euvNKdy4DwIDGyQjoFaU=
-43,-2,qWgKxBhGqsi8PW/ye7mwC/mYfOs=,bUvS1o9euvNKdy4DwIDGyQjoFaU=
-42,-2,qWgKxBhGqsi8PW/ye7mwC/mYfOs=,bUvS1o9euvNKdy4DwIDGyQjoFaU=
-44,-2,qWgKxBhGqsi8PW/ye7mwC/mYfOs=,bUvS1o9euvNKdy4DwIDGyQjoFaU=
-45,-2,qWgKxBhGqsi8PW/ye7mwC/mYfOs=,bUvS1o9euvNKdy4DwIDGyQjoFaU=
-46,-2,qWgKxBhGqsi8PW/ye7mwC/mYfOs=,bUvS1o9euvNKdy4DwIDGyQjoFaU=
-47,-2,qWgKxBhGqsi8PW/ye7mwC/mYfOs=,bUvS1o9euvNKdy4DwIDGyQjoFaU=
-42,-3,qWgKxBhGqsi8PW/ye7mwC/mYfOs=,bUvS1o9euvNKdy4DwIDGyQjoFaU=
-42,-7,qWgKxBhGqsi8PW/ye7mwC/mYfOs=,bUvS1o9euvNKdy4DwIDGyQjoFaU=
-43,-7,qWgKxBhGqsi8PW/ye7mwC/mYfOs=,bUvS1o9euvNKdy4DwIDGyQjoFaU=
-44,-3,qWgKxBhGqsi8PW/ye7mwC/mYfOs=,bUvS1o9euvNKdy4DwIDGyQjoFaU=
-43,-3,qWgKxBhGqsi8PW/ye7mwC/mYfOs=,bUvS1o9euvNKdy4DwIDGyQjoFaU=
-44,-7,qWgKxBhGqsi8PW/ye7mwC/mYfOs=,bUvS1o9euvNKdy4DwIDGyQjoFaU=
-45,-7,qWgKxBhGqsi8PW/ye7mwC/mYfOs=,bUvS1o9euvNKdy4DwIDGyQjoFaU=
-46,-7,qWgKxBhGqsi8PW/ye7mwC/mYfOs=,bUvS1o9euvNKdy4DwIDGyQjoFaU=
-47,-7,qWgKxBhGqsi8PW/ye7mwC/mYfOs=,bUvS1o9euvNKdy4DwIDGyQjoFaU=
-45,-3,qWgKxBhGqsi8PW/ye7mwC/mYfOs=,bUvS1o9euvNKdy4DwIDGyQjoFaU=
-46,-3,qWgKxBhGqsi8PW/ye7mwC/mYfOs=,bUvS1o9euvNKdy4DwIDGyQjoFaU=
-47,-3,qWgKxBhGqsi8PW/ye7mwC/mYfOs=,bUvS1o9euvNKdy4DwIDGyQjoFaU=
-42,-4,qWgKxBhGqsi8PW/ye7mwC/mYfOs=,bUvS1o9euvNKdy4DwIDGyQjoFaU=
-43,-4,qWgKxBhGqsi8PW/ye7mwC/mYfOs=,bUvS1o9euvNKdy4DwIDGyQjoFaU=
-45,-4,qWgKxBhGqsi8PW/ye7mwC/mYfOs=,bUvS1o9euvNKdy4DwIDGyQjoFaU=
-44,-4,qWgKxBhGqsi8PW/ye7mwC/mYfOs=,bUvS1o9euvNKdy4DwIDGyQjoFaU=
-46,-4,qWgKxBhGqsi8PW/ye7mwC/mYfOs=,bUvS1o9euvNKdy4DwIDGyQjoFaU=
-47,-4,qWgKxBhGqsi8PW/ye7mwC/mYfOs=,bUvS1o9euvNKdy4DwIDGyQjoFaU=
-44,-11,qWgKxBhGqsi8PW/ye7mwC/mYfOs=,zDsP77+MbatQS0xphfZzHEbcKB4=
-39,-15,qWgKxBhGqsi8PW/ye7mwC/mYfOs=,bq2t+3E0remOgbL1ACdvTSg/3Bg=
-43,-11,qWgKxBhGqsi8PW/ye7mwC/mYfOs=,zDsP77+MbatQS0xphfZzHEbcKB4=
-37,-15,qWgKxBhGqsi8PW/ye7mwC/mYfOs=,bq2t+3E0remOgbL1ACdvTSg/3Bg=
-42,-11,qWgKxBhGqsi8PW/ye7mwC/mYfOs=,zDsP77+MbatQS0xphfZzHEbcKB4=
-38,-15,qWgKxBhGqsi8PW/ye7mwC/mYfOs=,bq2t+3E0remOgbL1ACdvTSg/3Bg=
-41,-11,qWgKxBhGqsi8PW/ye7mwC/mYfOs=,zDsP77+MbatQS0xphfZzHEbcKB4=
-35,-15,qWgKxBhGqsi8PW/ye7mwC/mYfOs=,bq2t+3E0remOgbL1ACdvTSg/3Bg=
-47,-10,qWgKxBhGqsi8PW/ye7mwC/mYfOs=,zDsP77+MbatQS0xphfZzHEbcKB4=
-36,-15,qWgKxBhGqsi8PW/ye7mwC/mYfOs=,bq2t+3E0remOgbL1ACdvTSg/3Bg=
-46,-10,qWgKxBhGqsi8PW/ye7mwC/mYfOs=,zDsP77+MbatQS0xphfZzHEbcKB4=
-39,-14,qWgKxBhGqsi8PW/ye7mwC/mYfOs=,bq2t+3E0remOgbL1ACdvTSg/3Bg=
-34,-15,qWgKxBhGqsi8PW/ye7mwC/mYfOs=,bq2t+3E0remOgbL1ACdvTSg/3Bg=
-45,-10,qWgKxBhGqsi8PW/ye7mwC/mYfOs=,zDsP77+MbatQS0xphfZzHEbcKB4=
-38,-14,qWgKxBhGqsi8PW/ye7mwC/mYfOs=,bq2t+3E0remOgbL1ACdvTSg/3Bg=
-44,-10,qWgKxBhGqsi8PW/ye7mwC/mYfOs=,zDsP77+MbatQS0xphfZzHEbcKB4=
-37,-14,qWgKxBhGqsi8PW/ye7mwC/mYfOs=,bq2t+3E0remOgbL1ACdvTSg/3Bg=
-34,-10,qWgKxBhGqsi8PW/ye7mwC/mYfOs=,bq2t+3E0remOgbL1ACdvTSg/3Bg=
-35,-10,qWgKxBhGqsi8PW/ye7mwC/mYfOs=,bq2t+3E0remOgbL1ACdvTSg/3Bg=
-45,-11,qWgKxBhGqsi8PW/ye7mwC/mYfOs=,zDsP77+MbatQS0xphfZzHEbcKB4=
-43,-10,qWgKxBhGqsi8PW/ye7mwC/mYfOs=,zDsP77+MbatQS0xphfZzHEbcKB4=
-36,-14,qWgKxBhGqsi8PW/ye7mwC/mYfOs=,bq2t+3E0remOgbL1ACdvTSg/3Bg=
-46,-11,qWgKxBhGqsi8PW/ye7mwC/mYfOs=,zDsP77+MbatQS0xphfZzHEbcKB4=
-42,-10,qWgKxBhGqsi8PW/ye7mwC/mYfOs=,zDsP77+MbatQS0xphfZzHEbcKB4=
-47,-1,qWgKxBhGqsi8PW/ye7mwC/mYfOs=,bUvS1o9euvNKdy4DwIDGyQjoFaU=
-35,-14,qWgKxBhGqsi8PW/ye7mwC/mYfOs=,bq2t+3E0remOgbL1ACdvTSg/3Bg=
-34,-14,qWgKxBhGqsi8PW/ye7mwC/mYfOs=,bq2t+3E0remOgbL1ACdvTSg/3Bg=
-41,-10,qWgKxBhGqsi8PW/ye7mwC/mYfOs=,zDsP77+MbatQS0xphfZzHEbcKB4=
-47,-11,qWgKxBhGqsi8PW/ye7mwC/mYfOs=,zDsP77+MbatQS0xphfZzHEbcKB4=
-46,-1,qWgKxBhGqsi8PW/ye7mwC/mYfOs=,bUvS1o9euvNKdy4DwIDGyQjoFaU=
-42,-1,qWgKxBhGqsi8PW/ye7mwC/mYfOs=,bUvS1o9euvNKdy4DwIDGyQjoFaU=
-41,-12,qWgKxBhGqsi8PW/ye7mwC/mYfOs=,zDsP77+MbatQS0xphfZzHEbcKB4=
-42,-12,qWgKxBhGqsi8PW/ye7mwC/mYfOs=,zDsP77+MbatQS0xphfZzHEbcKB4=
-39,-13,qWgKxBhGqsi8PW/ye7mwC/mYfOs=,bq2t+3E0remOgbL1ACdvTSg/3Bg=
-47,-9,qWgKxBhGqsi8PW/ye7mwC/mYfOs=,zDsP77+MbatQS0xphfZzHEbcKB4=
-36,-10,qWgKxBhGqsi8PW/ye7mwC/mYfOs=,bq2t+3E0remOgbL1ACdvTSg/3Bg=
-43,-1,qWgKxBhGqsi8PW/ye7mwC/mYfOs=,bUvS1o9euvNKdy4DwIDGyQjoFaU=
-44,-1,qWgKxBhGqsi8PW/ye7mwC/mYfOs=,bUvS1o9euvNKdy4DwIDGyQjoFaU=
-45,-1,qWgKxBhGqsi8PW/ye7mwC/mYfOs=,bUvS1o9euvNKdy4DwIDGyQjoFaU=
-38,-13,qWgKxBhGqsi8PW/ye7mwC/mYfOs=,bq2t+3E0remOgbL1ACdvTSg/3Bg=
-46,-9,qWgKxBhGqsi8PW/ye7mwC/mYfOs=,zDsP77+MbatQS0xphfZzHEbcKB4=
-37,-10,qWgKxBhGqsi8PW/ye7mwC/mYfOs=,bq2t+3E0remOgbL1ACdvTSg/3Bg=
-38,-10,qWgKxBhGqsi8PW/ye7mwC/mYfOs=,bq2t+3E0remOgbL1ACdvTSg/3Bg=
-43,-12,qWgKxBhGqsi8PW/ye7mwC/mYfOs=,zDsP77+MbatQS0xphfZzHEbcKB4=
-39,-10,qWgKxBhGqsi8PW/ye7mwC/mYfOs=,bq2t+3E0remOgbL1ACdvTSg/3Bg=
-37,-13,qWgKxBhGqsi8PW/ye7mwC/mYfOs=,bq2t+3E0remOgbL1ACdvTSg/3Bg=
-34,-11,qWgKxBhGqsi8PW/ye7mwC/mYfOs=,bq2t+3E0remOgbL1ACdvTSg/3Bg=
-40,-10,qWgKxBhGqsi8PW/ye7mwC/mYfOs=,bq2t+3E0remOgbL1ACdvTSg/3Bg=
-44,-12,qWgKxBhGqsi8PW/ye7mwC/mYfOs=,zDsP77+MbatQS0xphfZzHEbcKB4=
-47,-15,qWgKxBhGqsi8PW/ye7mwC/mYfOs=,zDsP77+MbatQS0xphfZzHEbcKB4=
-45,-12,qWgKxBhGqsi8PW/ye7mwC/mYfOs=,zDsP77+MbatQS0xphfZzHEbcKB4=
-36,-13,qWgKxBhGqsi8PW/ye7mwC/mYfOs=,bq2t+3E0remOgbL1ACdvTSg/3Bg=
-46,-12,qWgKxBhGqsi8PW/ye7mwC/mYfOs=,zDsP77+MbatQS0xphfZzHEbcKB4=
-35,-11,qWgKxBhGqsi8PW/ye7mwC/mYfOs=,bq2t+3E0remOgbL1ACdvTSg/3Bg=
-46,-15,qWgKxBhGqsi8PW/ye7mwC/mYfOs=,zDsP77+MbatQS0xphfZzHEbcKB4=
-36,-11,qWgKxBhGqsi8PW/ye7mwC/mYfOs=,bq2t+3E0remOgbL1ACdvTSg/3Bg=
-40,-11,qWgKxBhGqsi8PW/ye7mwC/mYfOs=,bq2t+3E0remOgbL1ACdvTSg/3Bg=
-35,-13,qWgKxBhGqsi8PW/ye7mwC/mYfOs=,bq2t+3E0remOgbL1ACdvTSg/3Bg=
-47,-12,qWgKxBhGqsi8PW/ye7mwC/mYfOs=,zDsP77+MbatQS0xphfZzHEbcKB4=
-37,-11,qWgKxBhGqsi8PW/ye7mwC/mYfOs=,bq2t+3E0remOgbL1ACdvTSg/3Bg=
-38,-11,qWgKxBhGqsi8PW/ye7mwC/mYfOs=,bq2t+3E0remOgbL1ACdvTSg/3Bg=
-45,-9,qWgKxBhGqsi8PW/ye7mwC/mYfOs=,zDsP77+MbatQS0xphfZzHEbcKB4=
-41,-13,qWgKxBhGqsi8PW/ye7mwC/mYfOs=,zDsP77+MbatQS0xphfZzHEbcKB4=
-42,-13,qWgKxBhGqsi8PW/ye7mwC/mYfOs=,zDsP77+MbatQS0xphfZzHEbcKB4=
-43,-13,qWgKxBhGqsi8PW/ye7mwC/mYfOs=,zDsP77+MbatQS0xphfZzHEbcKB4=
-39,-11,qWgKxBhGqsi8PW/ye7mwC/mYfOs=,bq2t+3E0remOgbL1ACdvTSg/3Bg=
-34,-13,qWgKxBhGqsi8PW/ye7mwC/mYfOs=,bq2t+3E0remOgbL1ACdvTSg/3Bg=
-34,-12,qWgKxBhGqsi8PW/ye7mwC/mYfOs=,bq2t+3E0remOgbL1ACdvTSg/3Bg=
-45,-15,qWgKxBhGqsi8PW/ye7mwC/mYfOs=,zDsP77+MbatQS0xphfZzHEbcKB4=
-44,-13,qWgKxBhGqsi8PW/ye7mwC/mYfOs=,zDsP77+MbatQS0xphfZzHEbcKB4=
-40,-12,qWgKxBhGqsi8PW/ye7mwC/mYfOs=,bq2t+3E0remOgbL1ACdvTSg/3Bg=
-35,-12,qWgKxBhGqsi8PW/ye7mwC/mYfOs=,bq2t+3E0remOgbL1ACdvTSg/3Bg=
-36,-12,qWgKxBhGqsi8PW/ye7mwC/mYfOs=,bq2t+3E0remOgbL1ACdvTSg/3Bg=
-45,-13,qWgKxBhGqsi8PW/ye7mwC/mYfOs=,zDsP77+MbatQS0xphfZzHEbcKB4=
-42,-8,qWgKxBhGqsi8PW/ye7mwC/mYfOs=,bUvS1o9euvNKdy4DwIDGyQjoFaU=
-47,-13,qWgKxBhGqsi8PW/ye7mwC/mYfOs=,zDsP77+MbatQS0xphfZzHEbcKB4=
-46,-13,qWgKxBhGqsi8PW/ye7mwC/mYfOs=,zDsP77+MbatQS0xphfZzHEbcKB4=
-37,-12,qWgKxBhGqsi8PW/ye7mwC/mYfOs=,bq2t+3E0remOgbL1ACdvTSg/3Bg=
-44,-15,qWgKxBhGqsi8PW/ye7mwC/mYfOs=,zDsP77+MbatQS0xphfZzHEbcKB4=
-36,-9,qWgKxBhGqsi8PW/ye7mwC/mYfOs=,bq2t+3E0remOgbL1ACdvTSg/3Bg=
-44,-8,qWgKxBhGqsi8PW/ye7mwC/mYfOs=,bUvS1o9euvNKdy4DwIDGyQjoFaU=
-43,-8,qWgKxBhGqsi8PW/ye7mwC/mYfOs=,bUvS1o9euvNKdy4DwIDGyQjoFaU=
-38,-12,qWgKxBhGqsi8PW/ye7mwC/mYfOs=,bq2t+3E0remOgbL1ACdvTSg/3Bg=
-43,-15,qWgKxBhGqsi8PW/ye7mwC/mYfOs=,zDsP77+MbatQS0xphfZzHEbcKB4=
-41,-14,qWgKxBhGqsi8PW/ye7mwC/mYfOs=,zDsP77+MbatQS0xphfZzHEbcKB4=
-39,-12,qWgKxBhGqsi8PW/ye7mwC/mYfOs=,bq2t+3E0remOgbL1ACdvTSg/3Bg=
-40,-2,qWgKxBhGqsi8PW/ye7mwC/mYfOs=,KQXwXnKqmzR0FenpNEW6FVQZePk=
-45,-8,qWgKxBhGqsi8PW/ye7mwC/mYfOs=,bUvS1o9euvNKdy4DwIDGyQjoFaU=
-40,-13,qWgKxBhGqsi8PW/ye7mwC/mYfOs=,bq2t+3E0remOgbL1ACdvTSg/3Bg=
-46,-8,qWgKxBhGqsi8PW/ye7mwC/mYfOs=,bUvS1o9euvNKdy4DwIDGyQjoFaU=
-42,-15,qWgKxBhGqsi8PW/ye7mwC/mYfOs=,zDsP77+MbatQS0xphfZzHEbcKB4=
-37,-7,qWgKxBhGqsi8PW/ye7mwC/mYfOs=,KQXwXnKqmzR0FenpNEW6FVQZePk=
-47,-8,qWgKxBhGqsi8PW/ye7mwC/mYfOs=,bUvS1o9euvNKdy4DwIDGyQjoFaU=
-35,-9,qWgKxBhGqsi8PW/ye7mwC/mYfOs=,bq2t+3E0remOgbL1ACdvTSg/3Bg=
-43,-14,qWgKxBhGqsi8PW/ye7mwC/mYfOs=,zDsP77+MbatQS0xphfZzHEbcKB4=
-35,-2,qWgKxBhGqsi8PW/ye7mwC/mYfOs=,KQXwXnKqmzR0FenpNEW6FVQZePk=
-44,-14,qWgKxBhGqsi8PW/ye7mwC/mYfOs=,zDsP77+MbatQS0xphfZzHEbcKB4=
-45,-14,qWgKxBhGqsi8PW/ye7mwC/mYfOs=,zDsP77+MbatQS0xphfZzHEbcKB4=
-42,-14,qWgKxBhGqsi8PW/ye7mwC/mYfOs=,zDsP77+MbatQS0xphfZzHEbcKB4=
-40,-15,qWgKxBhGqsi8PW/ye7mwC/mYfOs=,bq2t+3E0remOgbL1ACdvTSg/3Bg=
-34,-9,qWgKxBhGqsi8PW/ye7mwC/mYfOs=,bq2t+3E0remOgbL1ACdvTSg/3Bg=
-40,-14,qWgKxBhGqsi8PW/ye7mwC/mYfOs=,bq2t+3E0remOgbL1ACdvTSg/3Bg=
-46,-14,qWgKxBhGqsi8PW/ye7mwC/mYfOs=,zDsP77+MbatQS0xphfZzHEbcKB4=
-42,-9,qWgKxBhGqsi8PW/ye7mwC/mYfOs=,zDsP77+MbatQS0xphfZzHEbcKB4=
-43,-9,qWgKxBhGqsi8PW/ye7mwC/mYfOs=,zDsP77+MbatQS0xphfZzHEbcKB4=
-47,-14,qWgKxBhGqsi8PW/ye7mwC/mYfOs=,zDsP77+MbatQS0xphfZzHEbcKB4=
-41,-15,qWgKxBhGqsi8PW/ye7mwC/mYfOs=,zDsP77+MbatQS0xphfZzHEbcKB4=
-39,-2,qWgKxBhGqsi8PW/ye7mwC/mYfOs=,KQXwXnKqmzR0FenpNEW6FVQZePk=
-44,-9,qWgKxBhGqsi8PW/ye7mwC/mYfOs=,zDsP77+MbatQS0xphfZzHEbcKB4=
-36,-2,qWgKxBhGqsi8PW/ye7mwC/mYfOs=,KQXwXnKqmzR0FenpNEW6FVQZePk=
-37,-9,qWgKxBhGqsi8PW/ye7mwC/mYfOs=,bq2t+3E0remOgbL1ACdvTSg/3Bg=
-38,-7,qWgKxBhGqsi8PW/ye7mwC/mYfOs=,KQXwXnKqmzR0FenpNEW6FVQZePk=
-37,-2,qWgKxBhGqsi8PW/ye7mwC/mYfOs=,KQXwXnKqmzR0FenpNEW6FVQZePk=
-41,-6,qWgKxBhGqsi8PW/ye7mwC/mYfOs=,bUvS1o9euvNKdy4DwIDGyQjoFaU=
-40,-8,qWgKxBhGqsi8PW/ye7mwC/mYfOs=,KQXwXnKqmzR0FenpNEW6FVQZePk=
-39,-9,qWgKxBhGqsi8PW/ye7mwC/mYfOs=,bq2t+3E0remOgbL1ACdvTSg/3Bg=
-38,-9,qWgKxBhGqsi8PW/ye7mwC/mYfOs=,bq2t+3E0remOgbL1ACdvTSg/3Bg=
-37,-5,qWgKxBhGqsi8PW/ye7mwC/mYfOs=,KQXwXnKqmzR0FenpNEW6FVQZePk=
-37,-8,qWgKxBhGqsi8PW/ye7mwC/mYfOs=,KQXwXnKqmzR0FenpNEW6FVQZePk=
-41,-7,qWgKxBhGqsi8PW/ye7mwC/mYfOs=,bUvS1o9euvNKdy4DwIDGyQjoFaU=
-34,-3,qWgKxBhGqsi8PW/ye7mwC/mYfOs=,KQXwXnKqmzR0FenpNEW6FVQZePk=
-40,-9,qWgKxBhGqsi8PW/ye7mwC/mYfOs=,bq2t+3E0remOgbL1ACdvTSg/3Bg=
-38,-2,qWgKxBhGqsi8PW/ye7mwC/mYfOs=,KQXwXnKqmzR0FenpNEW6FVQZePk=
-41,-2,qWgKxBhGqsi8PW/ye7mwC/mYfOs=,bUvS1o9euvNKdy4DwIDGyQjoFaU=
-39,-3,qWgKxBhGqsi8PW/ye7mwC/mYfOs=,KQXwXnKqmzR0FenpNEW6FVQZePk=
-39,-8,qWgKxBhGqsi8PW/ye7mwC/mYfOs=,KQXwXnKqmzR0FenpNEW6FVQZePk=
-38,-3,qWgKxBhGqsi8PW/ye7mwC/mYfOs=,KQXwXnKqmzR0FenpNEW6FVQZePk=
-40,-3,qWgKxBhGqsi8PW/ye7mwC/mYfOs=,KQXwXnKqmzR0FenpNEW6FVQZePk=
-39,-4,qWgKxBhGqsi8PW/ye7mwC/mYfOs=,KQXwXnKqmzR0FenpNEW6FVQZePk=
-40,-4,qWgKxBhGqsi8PW/ye7mwC/mYfOs=,KQXwXnKqmzR0FenpNEW6FVQZePk=
-41,-3,qWgKxBhGqsi8PW/ye7mwC/mYfOs=,bUvS1o9euvNKdy4DwIDGyQjoFaU=
-34,-5,qWgKxBhGqsi8PW/ye7mwC/mYfOs=,KQXwXnKqmzR0FenpNEW6FVQZePk=
-36,-5,qWgKxBhGqsi8PW/ye7mwC/mYfOs=,KQXwXnKqmzR0FenpNEW6FVQZePk=
-35,-5,qWgKxBhGqsi8PW/ye7mwC/mYfOs=,KQXwXnKqmzR0FenpNEW6FVQZePk=
-38,-4,qWgKxBhGqsi8PW/ye7mwC/mYfOs=,KQXwXnKqmzR0FenpNEW6FVQZePk=
-38,-5,qWgKxBhGqsi8PW/ye7mwC/mYfOs=,KQXwXnKqmzR0FenpNEW6FVQZePk=
-39,-7,qWgKxBhGqsi8PW/ye7mwC/mYfOs=,KQXwXnKqmzR0FenpNEW6FVQZePk=
-34,-4,qWgKxBhGqsi8PW/ye7mwC/mYfOs=,KQXwXnKqmzR0FenpNEW6FVQZePk=
-37,-6,qWgKxBhGqsi8PW/ye7mwC/mYfOs=,KQXwXnKqmzR0FenpNEW6FVQZePk=
-38,-8,qWgKxBhGqsi8PW/ye7mwC/mYfOs=,KQXwXnKqmzR0FenpNEW6FVQZePk=
-41,-8,qWgKxBhGqsi8PW/ye7mwC/mYfOs=,bUvS1o9euvNKdy4DwIDGyQjoFaU=
-40,-7,qWgKxBhGqsi8PW/ye7mwC/mYfOs=,KQXwXnKqmzR0FenpNEW6FVQZePk=
-36,-7,qWgKxBhGqsi8PW/ye7mwC/mYfOs=,KQXwXnKqmzR0FenpNEW6FVQZePk=
-38,-6,qWgKxBhGqsi8PW/ye7mwC/mYfOs=,KQXwXnKqmzR0FenpNEW6FVQZePk=
-39,-5,qWgKxBhGqsi8PW/ye7mwC/mYfOs=,KQXwXnKqmzR0FenpNEW6FVQZePk=
-35,-4,qWgKxBhGqsi8PW/ye7mwC/mYfOs=,KQXwXnKqmzR0FenpNEW6FVQZePk=
-39,-6,qWgKxBhGqsi8PW/ye7mwC/mYfOs=,KQXwXnKqmzR0FenpNEW6FVQZePk=
-36,-4,qWgKxBhGqsi8PW/ye7mwC/mYfOs=,KQXwXnKqmzR0FenpNEW6FVQZePk=
-40,-6,qWgKxBhGqsi8PW/ye7mwC/mYfOs=,KQXwXnKqmzR0FenpNEW6FVQZePk=
-41,-9,qWgKxBhGqsi8PW/ye7mwC/mYfOs=,zDsP77+MbatQS0xphfZzHEbcKB4=
-35,-3,qWgKxBhGqsi8PW/ye7mwC/mYfOs=,KQXwXnKqmzR0FenpNEW6FVQZePk=
-37,-4,qWgKxBhGqsi8PW/ye7mwC/mYfOs=,KQXwXnKqmzR0FenpNEW6FVQZePk=
-34,-7,qWgKxBhGqsi8PW/ye7mwC/mYfOs=,KQXwXnKqmzR0FenpNEW6FVQZePk=
-40,-5,qWgKxBhGqsi8PW/ye7mwC/mYfOs=,KQXwXnKqmzR0FenpNEW6FVQZePk=
-41,-4,qWgKxBhGqsi8PW/ye7mwC/mYfOs=,bUvS1o9euvNKdy4DwIDGyQjoFaU=
-34,-2,qWgKxBhGqsi8PW/ye7mwC/mYfOs=,KQXwXnKqmzR0FenpNEW6FVQZePk=
-36,-3,qWgKxBhGqsi8PW/ye7mwC/mYfOs=,KQXwXnKqmzR0FenpNEW6FVQZePk=
-34,-8,qWgKxBhGqsi8PW/ye7mwC/mYfOs=,KQXwXnKqmzR0FenpNEW6FVQZePk=
-35,-7,qWgKxBhGqsi8PW/ye7mwC/mYfOs=,KQXwXnKqmzR0FenpNEW6FVQZePk=
-34,-6,qWgKxBhGqsi8PW/ye7mwC/mYfOs=,KQXwXnKqmzR0FenpNEW6FVQZePk=
-35,-6,qWgKxBhGqsi8PW/ye7mwC/mYfOs=,KQXwXnKqmzR0FenpNEW6FVQZePk=
-35,-8,qWgKxBhGqsi8PW/ye7mwC/mYfOs=,KQXwXnKqmzR0FenpNEW6FVQZePk=
-36,-6,qWgKxBhGqsi8PW/ye7mwC/mYfOs=,KQXwXnKqmzR0FenpNEW6FVQZePk=
-41,-5,qWgKxBhGqsi8PW/ye7mwC/mYfOs=,bUvS1o9euvNKdy4DwIDGyQjoFaU=
-37,-3,qWgKxBhGqsi8PW/ye7mwC/mYfOs=,KQXwXnKqmzR0FenpNEW6FVQZePk=
-36,-8,qWgKxBhGqsi8PW/ye7mwC/mYfOs=,KQXwXnKqmzR0FenpNEW6FVQZePk=
-33,-2,qWgKxBhGqsi8PW/ye7mwC/mYfOs=,KQXwXnKqmzR0FenpNEW6FVQZePk=
-36,-1,qWgKxBhGqsi8PW/ye7mwC/mYfOs=,KQXwXnKqmzR0FenpNEW6FVQZePk=
-33,-6,qWgKxBhGqsi8PW/ye7mwC/mYfOs=,KQXwXnKqmzR0FenpNEW6FVQZePk=
-35,-1,qWgKxBhGqsi8PW/ye7mwC/mYfOs=,KQXwXnKqmzR0FenpNEW6FVQZePk=
-33,-9,qWgKxBhGqsi8PW/ye7mwC/mYfOs=,bq2t+3E0remOgbL1ACdvTSg/3Bg=
-33,-7,qWgKxBhGqsi8PW/ye7mwC/mYfOs=,KQXwXnKqmzR0FenpNEW6FVQZePk=
-34,-1,qWgKxBhGqsi8PW/ye7mwC/mYfOs=,KQXwXnKqmzR0FenpNEW6FVQZePk=
-33,-3,qWgKxBhGqsi8PW/ye7mwC/mYfOs=,KQXwXnKqmzR0FenpNEW6FVQZePk=
-33,-8,qWgKxBhGqsi8PW/ye7mwC/mYfOs=,KQXwXnKqmzR0FenpNEW6FVQZePk=
-40,-1,qWgKxBhGqsi8PW/ye7mwC/mYfOs=,KQXwXnKqmzR0FenpNEW6FVQZePk=
-33,-4,qWgKxBhGqsi8PW/ye7mwC/mYfOs=,KQXwXnKqmzR0FenpNEW6FVQZePk=
-41,-1,qWgKxBhGqsi8PW/ye7mwC/mYfOs=,bUvS1o9euvNKdy4DwIDGyQjoFaU=
-37,-1,qWgKxBhGqsi8PW/ye7mwC/mYfOs=,KQXwXnKqmzR0FenpNEW6FVQZePk=
-38,-1,qWgKxBhGqsi8PW/ye7mwC/mYfOs=,KQXwXnKqmzR0FenpNEW6FVQZePk=
-33,-15,qWgKxBhGqsi8PW/ye7mwC/mYfOs=,bq2t+3E0remOgbL1ACdvTSg/3Bg=
-39,-1,qWgKxBhGqsi8PW/ye7mwC/mYfOs=,KQXwXnKqmzR0FenpNEW6FVQZePk=
-33,-5,qWgKxBhGqsi8PW/ye7mwC/mYfOs=,KQXwXnKqmzR0FenpNEW6FVQZePk=
-33,-10,qWgKxBhGqsi8PW/ye7mwC/mYfOs=,bq2t+3E0remOgbL1ACdvTSg/3Bg=
-33,-11,qWgKxBhGqsi8PW/ye7mwC/mYfOs=,bq2t+3E0remOgbL1ACdvTSg/3Bg=
-33,-14,qWgKxBhGqsi8PW/ye7mwC/mYfOs=,bq2t+3E0remOgbL1ACdvTSg/3Bg=
-33,-12,qWgKxBhGqsi8PW/ye7mwC/mYfOs=,bq2t+3E0remOgbL1ACdvTSg/3Bg=
-33,-13,qWgKxBhGqsi8PW/ye7mwC/mYfOs=,bq2t+3E0remOgbL1ACdvTSg/3Bg=
-39,-16,qWgKxBhGqsi8PW/ye7mwC/mYfOs=,bq2t+3E0remOgbL1ACdvTSg/3Bg=
-38,-16,qWgKxBhGqsi8PW/ye7mwC/mYfOs=,bq2t+3E0remOgbL1ACdvTSg/3Bg=
-34,-16,qWgKxBhGqsi8PW/ye7mwC/mYfOs=,bq2t+3E0remOgbL1ACdvTSg/3Bg=
-35,-16,qWgKxBhGqsi8PW/ye7mwC/mYfOs=,bq2t+3E0remOgbL1ACdvTSg/3Bg=
-36,-16,qWgKxBhGqsi8PW/ye7mwC/mYfOs=,bq2t+3E0remOgbL1ACdvTSg/3Bg=
-37,-16,qWgKxBhGqsi8PW/ye7mwC/mYfOs=,bq2t+3E0remOgbL1ACdvTSg/3Bg=
-48,-10,qWgKxBhGqsi8PW/ye7mwC/mYfOs=,zDsP77+MbatQS0xphfZzHEbcKB4=
-48,-11,qWgKxBhGqsi8PW/ye7mwC/mYfOs=,zDsP77+MbatQS0xphfZzHEbcKB4=
-48,-12,qWgKxBhGqsi8PW/ye7mwC/mYfOs=,zDsP77+MbatQS0xphfZzHEbcKB4=
-48,-14,qWgKxBhGqsi8PW/ye7mwC/mYfOs=,zDsP77+MbatQS0xphfZzHEbcKB4=
-48,-15,qWgKxBhGqsi8PW/ye7mwC/mYfOs=,zDsP77+MbatQS0xphfZzHEbcKB4=
-48,-13,qWgKxBhGqsi8PW/ye7mwC/mYfOs=,zDsP77+MbatQS0xphfZzHEbcKB4=
-47,-16,qWgKxBhGqsi8PW/ye7mwC/mYfOs=,zDsP77+MbatQS0xphfZzHEbcKB4=
-41,-16,qWgKxBhGqsi8PW/ye7mwC/mYfOs=,zDsP77+MbatQS0xphfZzHEbcKB4=
-48,-16,qWgKxBhGqsi8PW/ye7mwC/mYfOs=,zDsP77+MbatQS0xphfZzHEbcKB4=
-42,-16,qWgKxBhGqsi8PW/ye7mwC/mYfOs=,zDsP77+MbatQS0xphfZzHEbcKB4=
-43,-16,qWgKxBhGqsi8PW/ye7mwC/mYfOs=,zDsP77+MbatQS0xphfZzHEbcKB4=
-46,-16,qWgKxBhGqsi8PW/ye7mwC/mYfOs=,zDsP77+MbatQS0xphfZzHEbcKB4=
-45,-16,qWgKxBhGqsi8PW/ye7mwC/mYfOs=,zDsP77+MbatQS0xphfZzHEbcKB4=
-44,-16,qWgKxBhGqsi8PW/ye7mwC/mYfOs=,zDsP77+MbatQS0xphfZzHEbcKB4=
-40,-16,qWgKxBhGqsi8PW/ye7mwC/mYfOs=,bq2t+3E0remOgbL1ACdvTSg/3Bg=
-48,-1,qWgKxBhGqsi8PW/ye7mwC/mYfOs=,bUvS1o9euvNKdy4DwIDGyQjoFaU=
-48,-4,qWgKxBhGqsi8PW/ye7mwC/mYfOs=,bUvS1o9euvNKdy4DwIDGyQjoFaU=
-48,-6,qWgKxBhGqsi8PW/ye7mwC/mYfOs=,bUvS1o9euvNKdy4DwIDGyQjoFaU=
-48,-5,qWgKxBhGqsi8PW/ye7mwC/mYfOs=,bUvS1o9euvNKdy4DwIDGyQjoFaU=
-48,-7,qWgKxBhGqsi8PW/ye7mwC/mYfOs=,bUvS1o9euvNKdy4DwIDGyQjoFaU=
-33,-16,qWgKxBhGqsi8PW/ye7mwC/mYfOs=,bq2t+3E0remOgbL1ACdvTSg/3Bg=
-48,-8,qWgKxBhGqsi8PW/ye7mwC/mYfOs=,bUvS1o9euvNKdy4DwIDGyQjoFaU=
-48,-2,qWgKxBhGqsi8PW/ye7mwC/mYfOs=,bUvS1o9euvNKdy4DwIDGyQjoFaU=
-48,-3,qWgKxBhGqsi8PW/ye7mwC/mYfOs=,bUvS1o9euvNKdy4DwIDGyQjoFaU=
-33,-1,qWgKxBhGqsi8PW/ye7mwC/mYfOs=,KQXwXnKqmzR0FenpNEW6FVQZePk=
-48,-9,qWgKxBhGqsi8PW/ye7mwC/mYfOs=,zDsP77+MbatQS0xphfZzHEbcKB4=
-44,-21,YzE7+9zImo4TnW8QrmRZjhieZz4=,mDds5MqM4th3TrekcFirgKpJgRE=
-43,-21,YzE7+9zImo4TnW8QrmRZjhieZz4=,mDds5MqM4th3TrekcFirgKpJgRE=
-45,-21,YzE7+9zImo4TnW8QrmRZjhieZz4=,mDds5MqM4th3TrekcFirgKpJgRE=
-46,-21,YzE7+9zImo4TnW8QrmRZjhieZz4=,mDds5MqM4th3TrekcFirgKpJgRE=
-47,-21,YzE7+9zImo4TnW8QrmRZjhieZz4=,mDds5MqM4th3TrekcFirgKpJgRE=
-42,-22,YzE7+9zImo4TnW8QrmRZjhieZz4=,mDds5MqM4th3TrekcFirgKpJgRE=
-43,-22,YzE7+9zImo4TnW8QrmRZjhieZz4=,mDds5MqM4th3TrekcFirgKpJgRE=
-44,-22,YzE7+9zImo4TnW8QrmRZjhieZz4=,mDds5MqM4th3TrekcFirgKpJgRE=
-45,-22,YzE7+9zImo4TnW8QrmRZjhieZz4=,mDds5MqM4th3TrekcFirgKpJgRE=
-44,-23,YzE7+9zImo4TnW8QrmRZjhieZz4=,mDds5MqM4th3TrekcFirgKpJgRE=
-47,-22,YzE7+9zImo4TnW8QrmRZjhieZz4=,mDds5MqM4th3TrekcFirgKpJgRE=
-43,-23,YzE7+9zImo4TnW8QrmRZjhieZz4=,mDds5MqM4th3TrekcFirgKpJgRE=
-46,-23,YzE7+9zImo4TnW8QrmRZjhieZz4=,mDds5MqM4th3TrekcFirgKpJgRE=
-46,-22,YzE7+9zImo4TnW8QrmRZjhieZz4=,mDds5MqM4th3TrekcFirgKpJgRE=
-42,-23,YzE7+9zImo4TnW8QrmRZjhieZz4=,mDds5MqM4th3TrekcFirgKpJgRE=
-45,-23,YzE7+9zImo4TnW8QrmRZjhieZz4=,mDds5MqM4th3TrekcFirgKpJgRE=
-47,-23,YzE7+9zImo4TnW8QrmRZjhieZz4=,mDds5MqM4th3TrekcFirgKpJgRE=
-42,-18,YzE7+9zImo4TnW8QrmRZjhieZz4=,mDds5MqM4th3TrekcFirgKpJgRE=
-43,-18,YzE7+9zImo4TnW8QrmRZjhieZz4=,mDds5MqM4th3TrekcFirgKpJgRE=
-45,-18,YzE7+9zImo4TnW8QrmRZjhieZz4=,mDds5MqM4th3TrekcFirgKpJgRE=
-44,-18,YzE7+9zImo4TnW8QrmRZjhieZz4=,mDds5MqM4th3TrekcFirgKpJgRE=
-46,-18,YzE7+9zImo4TnW8QrmRZjhieZz4=,mDds5MqM4th3TrekcFirgKpJgRE=
-47,-18,YzE7+9zImo4TnW8QrmRZjhieZz4=,mDds5MqM4th3TrekcFirgKpJgRE=
-42,-19,YzE7+9zImo4TnW8QrmRZjhieZz4=,mDds5MqM4th3TrekcFirgKpJgRE=
-44,-19,YzE7+9zImo4TnW8QrmRZjhieZz4=,mDds5MqM4th3TrekcFirgKpJgRE=
-43,-19,YzE7+9zImo4TnW8QrmRZjhieZz4=,mDds5MqM4th3TrekcFirgKpJgRE=
-45,-19,YzE7+9zImo4TnW8QrmRZjhieZz4=,mDds5MqM4th3TrekcFirgKpJgRE=
-47,-19,YzE7+9zImo4TnW8QrmRZjhieZz4=,mDds5MqM4th3TrekcFirgKpJgRE=
-46,-19,YzE7+9zImo4TnW8QrmRZjhieZz4=,mDds5MqM4th3TrekcFirgKpJgRE=
-42,-20,YzE7+9zImo4TnW8QrmRZjhieZz4=,mDds5MqM4th3TrekcFirgKpJgRE=
-44,-20,YzE7+9zImo4TnW8QrmRZjhieZz4=,mDds5MqM4th3TrekcFirgKpJgRE=
-43,-20,YzE7+9zImo4TnW8QrmRZjhieZz4=,mDds5MqM4th3TrekcFirgKpJgRE=
-45,-20,YzE7+9zImo4TnW8QrmRZjhieZz4=,mDds5MqM4th3TrekcFirgKpJgRE=
-46,-20,YzE7+9zImo4TnW8QrmRZjhieZz4=,mDds5MqM4th3TrekcFirgKpJgRE=
-47,-20,YzE7+9zImo4TnW8QrmRZjhieZz4=,mDds5MqM4th3TrekcFirgKpJgRE=
-42,-21,YzE7+9zImo4TnW8QrmRZjhieZz4=,mDds5MqM4th3TrekcFirgKpJgRE=
-44,-27,YzE7+9zImo4TnW8QrmRZjhieZz4=,CIPh3rUklbOVocn9/NIIRKSUqXI=
-43,-27,YzE7+9zImo4TnW8QrmRZjhieZz4=,CIPh3rUklbOVocn9/NIIRKSUqXI=
-47,-17,YzE7+9zImo4TnW8QrmRZjhieZz4=,mDds5MqM4th3TrekcFirgKpJgRE=
-46,-17,YzE7+9zImo4TnW8QrmRZjhieZz4=,mDds5MqM4th3TrekcFirgKpJgRE=
-41,-27,YzE7+9zImo4TnW8QrmRZjhieZz4=,CIPh3rUklbOVocn9/NIIRKSUqXI=
-41,-26,YzE7+9zImo4TnW8QrmRZjhieZz4=,CIPh3rUklbOVocn9/NIIRKSUqXI=
-42,-27,YzE7+9zImo4TnW8QrmRZjhieZz4=,CIPh3rUklbOVocn9/NIIRKSUqXI=
-45,-17,YzE7+9zImo4TnW8QrmRZjhieZz4=,mDds5MqM4th3TrekcFirgKpJgRE=
-47,-26,YzE7+9zImo4TnW8QrmRZjhieZz4=,CIPh3rUklbOVocn9/NIIRKSUqXI=
-44,-17,YzE7+9zImo4TnW8QrmRZjhieZz4=,mDds5MqM4th3TrekcFirgKpJgRE=
-41,-31,YzE7+9zImo4TnW8QrmRZjhieZz4=,CIPh3rUklbOVocn9/NIIRKSUqXI=
-43,-17,YzE7+9zImo4TnW8QrmRZjhieZz4=,mDds5MqM4th3TrekcFirgKpJgRE=
-40,-31,YzE7+9zImo4TnW8QrmRZjhieZz4=,yQw/KxZaOUSgnNKr46kHoNltwxw=
-42,-17,YzE7+9zImo4TnW8QrmRZjhieZz4=,mDds5MqM4th3TrekcFirgKpJgRE=
-39,-31,YzE7+9zImo4TnW8QrmRZjhieZz4=,yQw/KxZaOUSgnNKr46kHoNltwxw=
-45,-27,YzE7+9zImo4TnW8QrmRZjhieZz4=,CIPh3rUklbOVocn9/NIIRKSUqXI=
-38,-31,YzE7+9zImo4TnW8QrmRZjhieZz4=,yQw/KxZaOUSgnNKr46kHoNltwxw=
-37,-31,YzE7+9zImo4TnW8QrmRZjhieZz4=,yQw/KxZaOUSgnNKr46kHoNltwxw=
-35,-31,YzE7+9zImo4TnW8QrmRZjhieZz4=,yQw/KxZaOUSgnNKr46kHoNltwxw=
-34,-31,YzE7+9zImo4TnW8QrmRZjhieZz4=,yQw/KxZaOUSgnNKr46kHoNltwxw=
-46,-26,YzE7+9zImo4TnW8QrmRZjhieZz4=,CIPh3rUklbOVocn9/NIIRKSUqXI=
-40,-30,YzE7+9zImo4TnW8QrmRZjhieZz4=,yQw/KxZaOUSgnNKr46kHoNltwxw=
-36,-31,YzE7+9zImo4TnW8QrmRZjhieZz4=,yQw/KxZaOUSgnNKr46kHoNltwxw=
-46,-27,YzE7+9zImo4TnW8QrmRZjhieZz4=,CIPh3rUklbOVocn9/NIIRKSUqXI=
-47,-27,YzE7+9zImo4TnW8QrmRZjhieZz4=,CIPh3rUklbOVocn9/NIIRKSUqXI=
-39,-30,YzE7+9zImo4TnW8QrmRZjhieZz4=,yQw/KxZaOUSgnNKr46kHoNltwxw=
-44,-26,YzE7+9zImo4TnW8QrmRZjhieZz4=,CIPh3rUklbOVocn9/NIIRKSUqXI=
-45,-26,YzE7+9zImo4TnW8QrmRZjhieZz4=,CIPh3rUklbOVocn9/NIIRKSUqXI=
-38,-30,YzE7+9zImo4TnW8QrmRZjhieZz4=,yQw/KxZaOUSgnNKr46kHoNltwxw=
-43,-26,YzE7+9zImo4TnW8QrmRZjhieZz4=,CIPh3rUklbOVocn9/NIIRKSUqXI=
-34,-26,YzE7+9zImo4TnW8QrmRZjhieZz4=,yQw/KxZaOUSgnNKr46kHoNltwxw=
-37,-30,YzE7+9zImo4TnW8QrmRZjhieZz4=,yQw/KxZaOUSgnNKr46kHoNltwxw=
-47,-31,YzE7+9zImo4TnW8QrmRZjhieZz4=,CIPh3rUklbOVocn9/NIIRKSUqXI=
-35,-26,YzE7+9zImo4TnW8QrmRZjhieZz4=,yQw/KxZaOUSgnNKr46kHoNltwxw=
-46,-31,YzE7+9zImo4TnW8QrmRZjhieZz4=,CIPh3rUklbOVocn9/NIIRKSUqXI=
-36,-30,YzE7+9zImo4TnW8QrmRZjhieZz4=,yQw/KxZaOUSgnNKr46kHoNltwxw=
-36,-26,YzE7+9zImo4TnW8QrmRZjhieZz4=,yQw/KxZaOUSgnNKr46kHoNltwxw=
-42,-26,YzE7+9zImo4TnW8QrmRZjhieZz4=,CIPh3rUklbOVocn9/NIIRKSUqXI=
-41,-30,YzE7+9zImo4TnW8QrmRZjhieZz4=,CIPh3rUklbOVocn9/NIIRKSUqXI=
-45,-31,YzE7+9zImo4TnW8QrmRZjhieZz4=,CIPh3rUklbOVocn9/NIIRKSUqXI=
-35,-30,YzE7+9zImo4TnW8QrmRZjhieZz4=,yQw/KxZaOUSgnNKr46kHoNltwxw=
-44,-31,YzE7+9zImo4TnW8QrmRZjhieZz4=,CIPh3rUklbOVocn9/NIIRKSUqXI=
-34,-30,YzE7+9zImo4TnW8QrmRZjhieZz4=,yQw/KxZaOUSgnNKr46kHoNltwxw=
-43,-31,YzE7+9zImo4TnW8QrmRZjhieZz4=,CIPh3rUklbOVocn9/NIIRKSUqXI=
-40,-29,YzE7+9zImo4TnW8QrmRZjhieZz4=,yQw/KxZaOUSgnNKr46kHoNltwxw=
-42,-31,YzE7+9zImo4TnW8QrmRZjhieZz4=,CIPh3rUklbOVocn9/NIIRKSUqXI=
-39,-29,YzE7+9zImo4TnW8QrmRZjhieZz4=,yQw/KxZaOUSgnNKr46kHoNltwxw=
-47,-25,YzE7+9zImo4TnW8QrmRZjhieZz4=,CIPh3rUklbOVocn9/NIIRKSUqXI=
-41,-29,YzE7+9zImo4TnW8QrmRZjhieZz4=,CIPh3rUklbOVocn9/NIIRKSUqXI=
-47,-30,YzE7+9zImo4TnW8QrmRZjhieZz4=,CIPh3rUklbOVocn9/NIIRKSUqXI=
-38,-29,YzE7+9zImo4TnW8QrmRZjhieZz4=,yQw/KxZaOUSgnNKr46kHoNltwxw=
-46,-30,YzE7+9zImo4TnW8QrmRZjhieZz4=,CIPh3rUklbOVocn9/NIIRKSUqXI=
-37,-29,YzE7+9zImo4TnW8QrmRZjhieZz4=,yQw/KxZaOUSgnNKr46kHoNltwxw=
-46,-25,YzE7+9zImo4TnW8QrmRZjhieZz4=,CIPh3rUklbOVocn9/NIIRKSUqXI=
-37,-26,YzE7+9zImo4TnW8QrmRZjhieZz4=,yQw/KxZaOUSgnNKr46kHoNltwxw=
-42,-28,YzE7+9zImo4TnW8QrmRZjhieZz4=,CIPh3rUklbOVocn9/NIIRKSUqXI=
-36,-29,YzE7+9zImo4TnW8QrmRZjhieZz4=,yQw/KxZaOUSgnNKr46kHoNltwxw=
-42,-24,YzE7+9zImo4TnW8QrmRZjhieZz4=,mDds5MqM4th3TrekcFirgKpJgRE=
-45,-30,YzE7+9zImo4TnW8QrmRZjhieZz4=,CIPh3rUklbOVocn9/NIIRKSUqXI=
-38,-26,YzE7+9zImo4TnW8QrmRZjhieZz4=,yQw/KxZaOUSgnNKr46kHoNltwxw=
-39,-26,YzE7+9zImo4TnW8QrmRZjhieZz4=,yQw/KxZaOUSgnNKr46kHoNltwxw=
-35,-29,YzE7+9zImo4TnW8QrmRZjhieZz4=,yQw/KxZaOUSgnNKr46kHoNltwxw=
-40,-26,YzE7+9zImo4TnW8QrmRZjhieZz4=,yQw/KxZaOUSgnNKr46kHoNltwxw=
-41,-28,YzE7+9zImo4TnW8QrmRZjhieZz4=,CIPh3rUklbOVocn9/NIIRKSUqXI=
-43,-28,YzE7+9zImo4TnW8QrmRZjhieZz4=,CIPh3rUklbOVocn9/NIIRKSUqXI=
-44,-30,YzE7+9zImo4TnW8QrmRZjhieZz4=,CIPh3rUklbOVocn9/NIIRKSUqXI=
-34,-27,YzE7+9zImo4TnW8QrmRZjhieZz4=,yQw/KxZaOUSgnNKr46kHoNltwxw=
-43,-24,YzE7+9zImo4TnW8QrmRZjhieZz4=,mDds5MqM4th3TrekcFirgKpJgRE=
-35,-27,YzE7+9zImo4TnW8QrmRZjhieZz4=,yQw/KxZaOUSgnNKr46kHoNltwxw=
-44,-28,YzE7+9zImo4TnW8QrmRZjhieZz4=,CIPh3rUklbOVocn9/NIIRKSUqXI=
-36,-27,YzE7+9zImo4TnW8QrmRZjhieZz4=,yQw/KxZaOUSgnNKr46kHoNltwxw=
-34,-29,YzE7+9zImo4TnW8QrmRZjhieZz4=,yQw/KxZaOUSgnNKr46kHoNltwxw=
-44,-24,YzE7+9zImo4TnW8QrmRZjhieZz4=,mDds5MqM4th3TrekcFirgKpJgRE=
-37,-27,YzE7+9zImo4TnW8QrmRZjhieZz4=,yQw/KxZaOUSgnNKr46kHoNltwxw=
-38,-27,YzE7+9zImo4TnW8QrmRZjhieZz4=,yQw/KxZaOUSgnNKr46kHoNltwxw=
-43,-30,YzE7+9zImo4TnW8QrmRZjhieZz4=,CIPh3rUklbOVocn9/NIIRKSUqXI=
-45,-24,YzE7+9zImo4TnW8QrmRZjhieZz4=,mDds5MqM4th3TrekcFirgKpJgRE=
-46,-24,YzE7+9zImo4TnW8QrmRZjhieZz4=,mDds5MqM4th3TrekcFirgKpJgRE=
-39,-27,YzE7+9zImo4TnW8QrmRZjhieZz4=,yQw/KxZaOUSgnNKr46kHoNltwxw=
-47,-24,YzE7+9zImo4TnW8QrmRZjhieZz4=,mDds5MqM4th3TrekcFirgKpJgRE=
-40,-27,YzE7+9zImo4TnW8QrmRZjhieZz4=,yQw/KxZaOUSgnNKr46kHoNltwxw=
-45,-28,YzE7+9zImo4TnW8QrmRZjhieZz4=,CIPh3rUklbOVocn9/NIIRKSUqXI=
-40,-28,YzE7+9zImo4TnW8QrmRZjhieZz4=,yQw/KxZaOUSgnNKr46kHoNltwxw=
-34,-28,YzE7+9zImo4TnW8QrmRZjhieZz4=,yQw/KxZaOUSgnNKr46kHoNltwxw=
-35,-28,YzE7+9zImo4TnW8QrmRZjhieZz4=,yQw/KxZaOUSgnNKr46kHoNltwxw=
-36,-28,YzE7+9zImo4TnW8QrmRZjhieZz4=,yQw/KxZaOUSgnNKr46kHoNltwxw=
-42,-30,YzE7+9zImo4TnW8QrmRZjhieZz4=,CIPh3rUklbOVocn9/NIIRKSUqXI=
-46,-28,YzE7+9zImo4TnW8QrmRZjhieZz4=,CIPh3rUklbOVocn9/NIIRKSUqXI=
-42,-25,YzE7+9zImo4TnW8QrmRZjhieZz4=,CIPh3rUklbOVocn9/NIIRKSUqXI=
-39,-28,YzE7+9zImo4TnW8QrmRZjhieZz4=,yQw/KxZaOUSgnNKr46kHoNltwxw=
-47,-28,YzE7+9zImo4TnW8QrmRZjhieZz4=,CIPh3rUklbOVocn9/NIIRKSUqXI=
-43,-25,YzE7+9zImo4TnW8QrmRZjhieZz4=,CIPh3rUklbOVocn9/NIIRKSUqXI=
-37,-28,YzE7+9zImo4TnW8QrmRZjhieZz4=,yQw/KxZaOUSgnNKr46kHoNltwxw=
-44,-25,YzE7+9zImo4TnW8QrmRZjhieZz4=,CIPh3rUklbOVocn9/NIIRKSUqXI=
-38,-28,YzE7+9zImo4TnW8QrmRZjhieZz4=,yQw/KxZaOUSgnNKr46kHoNltwxw=
-42,-29,YzE7+9zImo4TnW8QrmRZjhieZz4=,CIPh3rUklbOVocn9/NIIRKSUqXI=
-45,-25,YzE7+9zImo4TnW8QrmRZjhieZz4=,CIPh3rUklbOVocn9/NIIRKSUqXI=
-45,-29,YzE7+9zImo4TnW8QrmRZjhieZz4=,CIPh3rUklbOVocn9/NIIRKSUqXI=
-43,-29,YzE7+9zImo4TnW8QrmRZjhieZz4=,CIPh3rUklbOVocn9/NIIRKSUqXI=
-44,-29,YzE7+9zImo4TnW8QrmRZjhieZz4=,CIPh3rUklbOVocn9/NIIRKSUqXI=
-47,-29,YzE7+9zImo4TnW8QrmRZjhieZz4=,CIPh3rUklbOVocn9/NIIRKSUqXI=
-46,-29,YzE7+9zImo4TnW8QrmRZjhieZz4=,CIPh3rUklbOVocn9/NIIRKSUqXI=
-39,-32,YzE7+9zImo4TnW8QrmRZjhieZz4=,yQw/KxZaOUSgnNKr46kHoNltwxw=
-38,-32,YzE7+9zImo4TnW8QrmRZjhieZz4=,yQw/KxZaOUSgnNKr46kHoNltwxw=
-37,-32,YzE7+9zImo4TnW8QrmRZjhieZz4=,yQw/KxZaOUSgnNKr46kHoNltwxw=
-36,-32,YzE7+9zImo4TnW8QrmRZjhieZz4=,yQw/KxZaOUSgnNKr46kHoNltwxw=
-35,-32,YzE7+9zImo4TnW8QrmRZjhieZz4=,yQw/KxZaOUSgnNKr46kHoNltwxw=
-34,-32,YzE7+9zImo4TnW8QrmRZjhieZz4=,yQw/KxZaOUSgnNKr46kHoNltwxw=
-33,-31,YzE7+9zImo4TnW8QrmRZjhieZz4=,yQw/KxZaOUSgnNKr46kHoNltwxw=
-33,-30,YzE7+9zImo4TnW8QrmRZjhieZz4=,yQw/KxZaOUSgnNKr46kHoNltwxw=
-33,-29,YzE7+9zImo4TnW8QrmRZjhieZz4=,yQw/KxZaOUSgnNKr46kHoNltwxw=
-33,-28,YzE7+9zImo4TnW8QrmRZjhieZz4=,yQw/KxZaOUSgnNKr46kHoNltwxw=
-33,-27,YzE7+9zImo4TnW8QrmRZjhieZz4=,yQw/KxZaOUSgnNKr46kHoNltwxw=
-40,-32,YzE7+9zImo4TnW8QrmRZjhieZz4=,yQw/KxZaOUSgnNKr46kHoNltwxw=
-33,-26,YzE7+9zImo4TnW8QrmRZjhieZz4=,yQw/KxZaOUSgnNKr46kHoNltwxw=
-47,-32,YzE7+9zImo4TnW8QrmRZjhieZz4=,CIPh3rUklbOVocn9/NIIRKSUqXI=
-46,-32,YzE7+9zImo4TnW8QrmRZjhieZz4=,CIPh3rUklbOVocn9/NIIRKSUqXI=
-45,-32,YzE7+9zImo4TnW8QrmRZjhieZz4=,CIPh3rUklbOVocn9/NIIRKSUqXI=
-44,-32,YzE7+9zImo4TnW8QrmRZjhieZz4=,CIPh3rUklbOVocn9/NIIRKSUqXI=
-43,-32,YzE7+9zImo4TnW8QrmRZjhieZz4=,CIPh3rUklbOVocn9/NIIRKSUqXI=
-42,-32,YzE7+9zImo4TnW8QrmRZjhieZz4=,CIPh3rUklbOVocn9/NIIRKSUqXI=
-41,-32,YzE7+9zImo4TnW8QrmRZjhieZz4=,CIPh3rUklbOVocn9/NIIRKSUqXI=
-48,-26,YzE7+9zImo4TnW8QrmRZjhieZz4=,CIPh3rUklbOVocn9/NIIRKSUqXI=
-48,-32,YzE7+9zImo4TnW8QrmRZjhieZz4=,CIPh3rUklbOVocn9/NIIRKSUqXI=
-33,-32,YzE7+9zImo4TnW8QrmRZjhieZz4=,yQw/KxZaOUSgnNKr46kHoNltwxw=
-48,-31,YzE7+9zImo4TnW8QrmRZjhieZz4=,CIPh3rUklbOVocn9/NIIRKSUqXI=
-48,-28,YzE7+9zImo4TnW8QrmRZjhieZz4=,CIPh3rUklbOVocn9/NIIRKSUqXI=
-48,-27,YzE7+9zImo4TnW8QrmRZjhieZz4=,CIPh3rUklbOVocn9/NIIRKSUqXI=
-48,-29,YzE7+9zImo4TnW8QrmRZjhieZz4=,CIPh3rUklbOVocn9/NIIRKSUqXI=
-48,-30,YzE7+9zImo4TnW8QrmRZjhieZz4=,CIPh3rUklbOVocn9/NIIRKSUqXI=
-48,-19,YzE7+9zImo4TnW8QrmRZjhieZz4=,mDds5MqM4th3TrekcFirgKpJgRE=
-48,-22,YzE7+9zImo4TnW8QrmRZjhieZz4=,mDds5MqM4th3TrekcFirgKpJgRE=
-48,-17,YzE7+9zImo4TnW8QrmRZjhieZz4=,mDds5MqM4th3TrekcFirgKpJgRE=
-48,-25,YzE7+9zImo4TnW8QrmRZjhieZz4=,CIPh3rUklbOVocn9/NIIRKSUqXI=
-48,-23,YzE7+9zImo4TnW8QrmRZjhieZz4=,mDds5MqM4th3TrekcFirgKpJgRE=
-48,-20,YzE7+9zImo4TnW8QrmRZjhieZz4=,mDds5MqM4th3TrekcFirgKpJgRE=
-48,-24,YzE7+9zImo4TnW8QrmRZjhieZz4=,mDds5MqM4th3TrekcFirgKpJgRE=
-48,-18,YzE7+9zImo4TnW8QrmRZjhieZz4=,mDds5MqM4th3TrekcFirgKpJgRE=
-35,-18,YzE7+9zImo4TnW8QrmRZjhieZz4=,7ZJ4gF5WEgEcZIt4vXs44ZbBQWQ=
-37,-25,YzE7+9zImo4TnW8QrmRZjhieZz4=,yQw/KxZaOUSgnNKr46kHoNltwxw=
-41,-17,YzE7+9zImo4TnW8QrmRZjhieZz4=,mDds5MqM4th3TrekcFirgKpJgRE=
-38,-17,YzE7+9zImo4TnW8QrmRZjhieZz4=,7ZJ4gF5WEgEcZIt4vXs44ZbBQWQ=
-48,-21,YzE7+9zImo4TnW8QrmRZjhieZz4=,mDds5MqM4th3TrekcFirgKpJgRE=
-37,-23,YzE7+9zImo4TnW8QrmRZjhieZz4=,7ZJ4gF5WEgEcZIt4vXs44ZbBQWQ=
-37,-17,YzE7+9zImo4TnW8QrmRZjhieZz4=,7ZJ4gF5WEgEcZIt4vXs44ZbBQWQ=
-39,-22,YzE7+9zImo4TnW8QrmRZjhieZz4=,7ZJ4gF5WEgEcZIt4vXs44ZbBQWQ=
-36,-17,YzE7+9zImo4TnW8QrmRZjhieZz4=,7ZJ4gF5WEgEcZIt4vXs44ZbBQWQ=
-38,-25,YzE7+9zImo4TnW8QrmRZjhieZz4=,yQw/KxZaOUSgnNKr46kHoNltwxw=
-36,-18,YzE7+9zImo4TnW8QrmRZjhieZz4=,7ZJ4gF5WEgEcZIt4vXs44ZbBQWQ=
-40,-25,YzE7+9zImo4TnW8QrmRZjhieZz4=,yQw/KxZaOUSgnNKr46kHoNltwxw=
-39,-17,YzE7+9zImo4TnW8QrmRZjhieZz4=,7ZJ4gF5WEgEcZIt4vXs44ZbBQWQ=
-41,-22,YzE7+9zImo4TnW8QrmRZjhieZz4=,mDds5MqM4th3TrekcFirgKpJgRE=
-35,-19,YzE7+9zImo4TnW8QrmRZjhieZz4=,7ZJ4gF5WEgEcZIt4vXs44ZbBQWQ=
-40,-17,YzE7+9zImo4TnW8QrmRZjhieZz4=,7ZJ4gF5WEgEcZIt4vXs44ZbBQWQ=
-37,-18,YzE7+9zImo4TnW8QrmRZjhieZz4=,7ZJ4gF5WEgEcZIt4vXs44ZbBQWQ=
-34,-19,YzE7+9zImo4TnW8QrmRZjhieZz4=,7ZJ4gF5WEgEcZIt4vXs44ZbBQWQ=
-33,-18,YzE7+9zImo4TnW8QrmRZjhieZz4=,7ZJ4gF5WEgEcZIt4vXs44ZbBQWQ=
-37,-24,YzE7+9zImo4TnW8QrmRZjhieZz4=,7ZJ4gF5WEgEcZIt4vXs44ZbBQWQ=
-34,-18,YzE7+9zImo4TnW8QrmRZjhieZz4=,7ZJ4gF5WEgEcZIt4vXs44ZbBQWQ=
-38,-23,YzE7+9zImo4TnW8QrmRZjhieZz4=,7ZJ4gF5WEgEcZIt4vXs44ZbBQWQ=
-33,-20,YzE7+9zImo4TnW8QrmRZjhieZz4=,7ZJ4gF5WEgEcZIt4vXs44ZbBQWQ=
-38,-18,YzE7+9zImo4TnW8QrmRZjhieZz4=,7ZJ4gF5WEgEcZIt4vXs44ZbBQWQ=
-41,-23,YzE7+9zImo4TnW8QrmRZjhieZz4=,mDds5MqM4th3TrekcFirgKpJgRE=
-34,-20,YzE7+9zImo4TnW8QrmRZjhieZz4=,7ZJ4gF5WEgEcZIt4vXs44ZbBQWQ=
-41,-24,YzE7+9zImo4TnW8QrmRZjhieZz4=,mDds5MqM4th3TrekcFirgKpJgRE=
-39,-25,YzE7+9zImo4TnW8QrmRZjhieZz4=,yQw/KxZaOUSgnNKr46kHoNltwxw=
-41,-18,YzE7+9zImo4TnW8QrmRZjhieZz4=,mDds5MqM4th3TrekcFirgKpJgRE=
-35,-17,YzE7+9zImo4TnW8QrmRZjhieZz4=,7ZJ4gF5WEgEcZIt4vXs44ZbBQWQ=
-37,-19,YzE7+9zImo4TnW8QrmRZjhieZz4=,7ZJ4gF5WEgEcZIt4vXs44ZbBQWQ=
-35,-20,YzE7+9zImo4TnW8QrmRZjhieZz4=,7ZJ4gF5WEgEcZIt4vXs44ZbBQWQ=
-36,-19,YzE7+9zImo4TnW8QrmRZjhieZz4=,7ZJ4gF5WEgEcZIt4vXs44ZbBQWQ=
-40,-23,YzE7+9zImo4TnW8QrmRZjhieZz4=,7ZJ4gF5WEgEcZIt4vXs44ZbBQWQ=
-41,-25,YzE7+9zImo4TnW8QrmRZjhieZz4=,CIPh3rUklbOVocn9/NIIRKSUqXI=
-36,-20,YzE7+9zImo4TnW8QrmRZjhieZz4=,7ZJ4gF5WEgEcZIt4vXs44ZbBQWQ=
-41,-19,YzE7+9zImo4TnW8QrmRZjhieZz4=,mDds5MqM4th3TrekcFirgKpJgRE=
-39,-18,YzE7+9zImo4TnW8QrmRZjhieZz4=,7ZJ4gF5WEgEcZIt4vXs44ZbBQWQ=
-37,-20,YzE7+9zImo4TnW8QrmRZjhieZz4=,7ZJ4gF5WEgEcZIt4vXs44ZbBQWQ=
-33,-23,YzE7+9zImo4TnW8QrmRZjhieZz4=,7ZJ4gF5WEgEcZIt4vXs44ZbBQWQ=
-34,-17,YzE7+9zImo4TnW8QrmRZjhieZz4=,7ZJ4gF5WEgEcZIt4vXs44ZbBQWQ=
-40,-22,YzE7+9zImo4TnW8QrmRZjhieZz4=,7ZJ4gF5WEgEcZIt4vXs44ZbBQWQ=
-38,-20,YzE7+9zImo4TnW8QrmRZjhieZz4=,7ZJ4gF5WEgEcZIt4vXs44ZbBQWQ=
-33,-24,YzE7+9zImo4TnW8QrmRZjhieZz4=,7ZJ4gF5WEgEcZIt4vXs44ZbBQWQ=
-39,-20,YzE7+9zImo4TnW8QrmRZjhieZz4=,7ZJ4gF5WEgEcZIt4vXs44ZbBQWQ=
-34,-23,YzE7+9zImo4TnW8QrmRZjhieZz4=,7ZJ4gF5WEgEcZIt4vXs44ZbBQWQ=
-38,-19,YzE7+9zImo4TnW8QrmRZjhieZz4=,7ZJ4gF5WEgEcZIt4vXs44ZbBQWQ=
-34,-24,YzE7+9zImo4TnW8QrmRZjhieZz4=,7ZJ4gF5WEgEcZIt4vXs44ZbBQWQ=
-41,-20,YzE7+9zImo4TnW8QrmRZjhieZz4=,mDds5MqM4th3TrekcFirgKpJgRE=
-39,-24,YzE7+9zImo4TnW8QrmRZjhieZz4=,7ZJ4gF5WEgEcZIt4vXs44ZbBQWQ=
-39,-19,YzE7+9zImo4TnW8QrmRZjhieZz4=,7ZJ4gF5WEgEcZIt4vXs44ZbBQWQ=
-33,-21,YzE7+9zImo4TnW8QrmRZjhieZz4=,7ZJ4gF5WEgEcZIt4vXs44ZbBQWQ=
-35,-23,YzE7+9zImo4TnW8QrmRZjhieZz4=,7ZJ4gF5WEgEcZIt4vXs44ZbBQWQ=
-36,-25,YzE7+9zImo4TnW8QrmRZjhieZz4=,yQw/KxZaOUSgnNKr46kHoNltwxw=
-34,-21,YzE7+9zImo4TnW8QrmRZjhieZz4=,7ZJ4gF5WEgEcZIt4vXs44ZbBQWQ=
-39,-21,YzE7+9zImo4TnW8QrmRZjhieZz4=,7ZJ4gF5WEgEcZIt4vXs44ZbBQWQ=
-35,-21,YzE7+9zImo4TnW8QrmRZjhieZz4=,7ZJ4gF5WEgEcZIt4vXs44ZbBQWQ=
-33,-25,YzE7+9zImo4TnW8QrmRZjhieZz4=,yQw/KxZaOUSgnNKr46kHoNltwxw=
-40,-21,YzE7+9zImo4TnW8QrmRZjhieZz4=,7ZJ4gF5WEgEcZIt4vXs44ZbBQWQ=
-36,-21,YzE7+9zImo4TnW8QrmRZjhieZz4=,7ZJ4gF5WEgEcZIt4vXs44ZbBQWQ=
-33,-22,YzE7+9zImo4TnW8QrmRZjhieZz4=,7ZJ4gF5WEgEcZIt4vXs44ZbBQWQ=
-36,-23,YzE7+9zImo4TnW8QrmRZjhieZz4=,7ZJ4gF5WEgEcZIt4vXs44ZbBQWQ=
-37,-21,YzE7+9zImo4TnW8QrmRZjhieZz4=,7ZJ4gF5WEgEcZIt4vXs44ZbBQWQ=
-36,-24,YzE7+9zImo4TnW8QrmRZjhieZz4=,7ZJ4gF5WEgEcZIt4vXs44ZbBQWQ=
-34,-22,YzE7+9zImo4TnW8QrmRZjhieZz4=,7ZJ4gF5WEgEcZIt4vXs44ZbBQWQ=
-35,-25,YzE7+9zImo4TnW8QrmRZjhieZz4=,yQw/KxZaOUSgnNKr46kHoNltwxw=
-35,-24,YzE7+9zImo4TnW8QrmRZjhieZz4=,7ZJ4gF5WEgEcZIt4vXs44ZbBQWQ=
-40,-19,YzE7+9zImo4TnW8QrmRZjhieZz4=,7ZJ4gF5WEgEcZIt4vXs44ZbBQWQ=
-34,-25,YzE7+9zImo4TnW8QrmRZjhieZz4=,yQw/KxZaOUSgnNKr46kHoNltwxw=
-35,-22,YzE7+9zImo4TnW8QrmRZjhieZz4=,7ZJ4gF5WEgEcZIt4vXs44ZbBQWQ=
-37,-22,YzE7+9zImo4TnW8QrmRZjhieZz4=,7ZJ4gF5WEgEcZIt4vXs44ZbBQWQ=
-38,-21,YzE7+9zImo4TnW8QrmRZjhieZz4=,7ZJ4gF5WEgEcZIt4vXs44ZbBQWQ=
-41,-21,YzE7+9zImo4TnW8QrmRZjhieZz4=,mDds5MqM4th3TrekcFirgKpJgRE=
-33,-17,YzE7+9zImo4TnW8QrmRZjhieZz4=,7ZJ4gF5WEgEcZIt4vXs44ZbBQWQ=
-38,-22,YzE7+9zImo4TnW8QrmRZjhieZz4=,7ZJ4gF5WEgEcZIt4vXs44ZbBQWQ=
-36,-22,YzE7+9zImo4TnW8QrmRZjhieZz4=,7ZJ4gF5WEgEcZIt4vXs44ZbBQWQ=
-40,-24,YzE7+9zImo4TnW8QrmRZjhieZz4=,7ZJ4gF5WEgEcZIt4vXs44ZbBQWQ=
-40,-20,YzE7+9zImo4TnW8QrmRZjhieZz4=,7ZJ4gF5WEgEcZIt4vXs44ZbBQWQ=
-38,-24,YzE7+9zImo4TnW8QrmRZjhieZz4=,7ZJ4gF5WEgEcZIt4vXs44ZbBQWQ=
-39,-23,YzE7+9zImo4TnW8QrmRZjhieZz4=,7ZJ4gF5WEgEcZIt4vXs44ZbBQWQ=
-33,-19,YzE7+9zImo4TnW8QrmRZjhieZz4=,7ZJ4gF5WEgEcZIt4vXs44ZbBQWQ=
-40,-18,YzE7+9zImo4TnW8QrmRZjhieZz4=,7ZJ4gF5WEgEcZIt4vXs44ZbBQWQ=
-60,-21,m2FOoc6OQkFk3ylBOkgfcZeBX5o=,zD/UZmOBZd5gg2tN3L4957Prgyo=
-61,-21,m2FOoc6OQkFk3ylBOkgfcZeBX5o=,zD/UZmOBZd5gg2tN3L4957Prgyo=
-62,-21,m2FOoc6OQkFk3ylBOkgfcZeBX5o=,zD/UZmOBZd5gg2tN3L4957Prgyo=
-63,-21,m2FOoc6OQkFk3ylBOkgfcZeBX5o=,zD/UZmOBZd5gg2tN3L4957Prgyo=
-59,-22,m2FOoc6OQkFk3ylBOkgfcZeBX5o=,zD/UZmOBZd5gg2tN3L4957Prgyo=
-62,-22,m2FOoc6OQkFk3ylBOkgfcZeBX5o=,zD/UZmOBZd5gg2tN3L4957Prgyo=
-61,-22,m2FOoc6OQkFk3ylBOkgfcZeBX5o=,zD/UZmOBZd5gg2tN3L4957Prgyo=
-63,-22,m2FOoc6OQkFk3ylBOkgfcZeBX5o=,zD/UZmOBZd5gg2tN3L4957Prgyo=
-61,-18,m2FOoc6OQkFk3ylBOkgfcZeBX5o=,zD/UZmOBZd5gg2tN3L4957Prgyo=
-62,-18,m2FOoc6OQkFk3ylBOkgfcZeBX5o=,zD/UZmOBZd5gg2tN3L4957Prgyo=
-59,-19,m2FOoc6OQkFk3ylBOkgfcZeBX5o=,zD/UZmOBZd5gg2tN3L4957Prgyo=
-58,-23,m2FOoc6OQkFk3ylBOkgfcZeBX5o=,zD/UZmOBZd5gg2tN3L4957Prgyo=
-59,-23,m2FOoc6OQkFk3ylBOkgfcZeBX5o=,zD/UZmOBZd5gg2tN3L4957Prgyo=
-58,-19,m2FOoc6OQkFk3ylBOkgfcZeBX5o=,zD/UZmOBZd5gg2tN3L4957Prgyo=
-60,-23,m2FOoc6OQkFk3ylBOkgfcZeBX5o=,zD/UZmOBZd5gg2tN3L4957Prgyo=
-60,-19,m2FOoc6OQkFk3ylBOkgfcZeBX5o=,zD/UZmOBZd5gg2tN3L4957Prgyo=
-61,-23,m2FOoc6OQkFk3ylBOkgfcZeBX5o=,zD/UZmOBZd5gg2tN3L4957Prgyo=
-61,-19,m2FOoc6OQkFk3ylBOkgfcZeBX5o=,zD/UZmOBZd5gg2tN3L4957Prgyo=
-63,-23,m2FOoc6OQkFk3ylBOkgfcZeBX5o=,zD/UZmOBZd5gg2tN3L4957Prgyo=
-62,-19,m2FOoc6OQkFk3ylBOkgfcZeBX5o=,zD/UZmOBZd5gg2tN3L4957Prgyo=
-63,-19,m2FOoc6OQkFk3ylBOkgfcZeBX5o=,zD/UZmOBZd5gg2tN3L4957Prgyo=
-62,-23,m2FOoc6OQkFk3ylBOkgfcZeBX5o=,zD/UZmOBZd5gg2tN3L4957Prgyo=
-59,-20,m2FOoc6OQkFk3ylBOkgfcZeBX5o=,zD/UZmOBZd5gg2tN3L4957Prgyo=
-61,-20,m2FOoc6OQkFk3ylBOkgfcZeBX5o=,zD/UZmOBZd5gg2tN3L4957Prgyo=
-62,-20,m2FOoc6OQkFk3ylBOkgfcZeBX5o=,zD/UZmOBZd5gg2tN3L4957Prgyo=
-58,-20,m2FOoc6OQkFk3ylBOkgfcZeBX5o=,zD/UZmOBZd5gg2tN3L4957Prgyo=
-60,-20,m2FOoc6OQkFk3ylBOkgfcZeBX5o=,zD/UZmOBZd5gg2tN3L4957Prgyo=
-63,-20,m2FOoc6OQkFk3ylBOkgfcZeBX5o=,zD/UZmOBZd5gg2tN3L4957Prgyo=
-58,-21,m2FOoc6OQkFk3ylBOkgfcZeBX5o=,zD/UZmOBZd5gg2tN3L4957Prgyo=
-59,-21,m2FOoc6OQkFk3ylBOkgfcZeBX5o=,zD/UZmOBZd5gg2tN3L4957Prgyo=
-60,-22,m2FOoc6OQkFk3ylBOkgfcZeBX5o=,zD/UZmOBZd5gg2tN3L4957Prgyo=
-58,-22,m2FOoc6OQkFk3ylBOkgfcZeBX5o=,zD/UZmOBZd5gg2tN3L4957Prgyo=
-58,-18,m2FOoc6OQkFk3ylBOkgfcZeBX5o=,zD/UZmOBZd5gg2tN3L4957Prgyo=
-59,-18,m2FOoc6OQkFk3ylBOkgfcZeBX5o=,zD/UZmOBZd5gg2tN3L4957Prgyo=
-60,-18,m2FOoc6OQkFk3ylBOkgfcZeBX5o=,zD/UZmOBZd5gg2tN3L4957Prgyo=
-63,-18,m2FOoc6OQkFk3ylBOkgfcZeBX5o=,zD/UZmOBZd5gg2tN3L4957Prgyo=
-60,-27,m2FOoc6OQkFk3ylBOkgfcZeBX5o=,1F5fxHrHzwCg20QY8tNqG2Is+UU=
-59,-27,m2FOoc6OQkFk3ylBOkgfcZeBX5o=,1F5fxHrHzwCg20QY8tNqG2Is+UU=
-58,-27,m2FOoc6OQkFk3ylBOkgfcZeBX5o=,1F5fxHrHzwCg20QY8tNqG2Is+UU=
-63,-26,m2FOoc6OQkFk3ylBOkgfcZeBX5o=,1F5fxHrHzwCg20QY8tNqG2Is+UU=
-62,-26,m2FOoc6OQkFk3ylBOkgfcZeBX5o=,1F5fxHrHzwCg20QY8tNqG2Is+UU=
-61,-26,m2FOoc6OQkFk3ylBOkgfcZeBX5o=,1F5fxHrHzwCg20QY8tNqG2Is+UU=
-60,-26,m2FOoc6OQkFk3ylBOkgfcZeBX5o=,1F5fxHrHzwCg20QY8tNqG2Is+UU=
-59,-26,m2FOoc6OQkFk3ylBOkgfcZeBX5o=,1F5fxHrHzwCg20QY8tNqG2Is+UU=
-63,-31,m2FOoc6OQkFk3ylBOkgfcZeBX5o=,1F5fxHrHzwCg20QY8tNqG2Is+UU=
-62,-31,m2FOoc6OQkFk3ylBOkgfcZeBX5o=,1F5fxHrHzwCg20QY8tNqG2Is+UU=
-61,-31,m2FOoc6OQkFk3ylBOkgfcZeBX5o=,1F5fxHrHzwCg20QY8tNqG2Is+UU=
-60,-31,m2FOoc6OQkFk3ylBOkgfcZeBX5o=,1F5fxHrHzwCg20QY8tNqG2Is+UU=
-58,-26,m2FOoc6OQkFk3ylBOkgfcZeBX5o=,1F5fxHrHzwCg20QY8tNqG2Is+UU=
-59,-31,m2FOoc6OQkFk3ylBOkgfcZeBX5o=,1F5fxHrHzwCg20QY8tNqG2Is+UU=
-58,-31,m2FOoc6OQkFk3ylBOkgfcZeBX5o=,1F5fxHrHzwCg20QY8tNqG2Is+UU=
-62,-25,m2FOoc6OQkFk3ylBOkgfcZeBX5o=,1F5fxHrHzwCg20QY8tNqG2Is+UU=
-63,-25,m2FOoc6OQkFk3ylBOkgfcZeBX5o=,1F5fxHrHzwCg20QY8tNqG2Is+UU=
-61,-25,m2FOoc6OQkFk3ylBOkgfcZeBX5o=,1F5fxHrHzwCg20QY8tNqG2Is+UU=
-59,-25,m2FOoc6OQkFk3ylBOkgfcZeBX5o=,1F5fxHrHzwCg20QY8tNqG2Is+UU=
-60,-25,m2FOoc6OQkFk3ylBOkgfcZeBX5o=,1F5fxHrHzwCg20QY8tNqG2Is+UU=
-58,-25,m2FOoc6OQkFk3ylBOkgfcZeBX5o=,1F5fxHrHzwCg20QY8tNqG2Is+UU=
-63,-30,m2FOoc6OQkFk3ylBOkgfcZeBX5o=,1F5fxHrHzwCg20QY8tNqG2Is+UU=
-62,-30,m2FOoc6OQkFk3ylBOkgfcZeBX5o=,1F5fxHrHzwCg20QY8tNqG2Is+UU=
-61,-30,m2FOoc6OQkFk3ylBOkgfcZeBX5o=,1F5fxHrHzwCg20QY8tNqG2Is+UU=
-60,-30,m2FOoc6OQkFk3ylBOkgfcZeBX5o=,1F5fxHrHzwCg20QY8tNqG2Is+UU=
-59,-30,m2FOoc6OQkFk3ylBOkgfcZeBX5o=,1F5fxHrHzwCg20QY8tNqG2Is+UU=
-61,-27,m2FOoc6OQkFk3ylBOkgfcZeBX5o=,1F5fxHrHzwCg20QY8tNqG2Is+UU=
-62,-27,m2FOoc6OQkFk3ylBOkgfcZeBX5o=,1F5fxHrHzwCg20QY8tNqG2Is+UU=
-63,-27,m2FOoc6OQkFk3ylBOkgfcZeBX5o=,1F5fxHrHzwCg20QY8tNqG2Is+UU=
-58,-28,m2FOoc6OQkFk3ylBOkgfcZeBX5o=,1F5fxHrHzwCg20QY8tNqG2Is+UU=
-60,-28,m2FOoc6OQkFk3ylBOkgfcZeBX5o=,1F5fxHrHzwCg20QY8tNqG2Is+UU=
-59,-28,m2FOoc6OQkFk3ylBOkgfcZeBX5o=,1F5fxHrHzwCg20QY8tNqG2Is+UU=
-58,-30,m2FOoc6OQkFk3ylBOkgfcZeBX5o=,1F5fxHrHzwCg20QY8tNqG2Is+UU=
-61,-28,m2FOoc6OQkFk3ylBOkgfcZeBX5o=,1F5fxHrHzwCg20QY8tNqG2Is+UU=
-62,-28,m2FOoc6OQkFk3ylBOkgfcZeBX5o=,1F5fxHrHzwCg20QY8tNqG2Is+UU=
-63,-28,m2FOoc6OQkFk3ylBOkgfcZeBX5o=,1F5fxHrHzwCg20QY8tNqG2Is+UU=
-58,-29,m2FOoc6OQkFk3ylBOkgfcZeBX5o=,1F5fxHrHzwCg20QY8tNqG2Is+UU=
-59,-29,m2FOoc6OQkFk3ylBOkgfcZeBX5o=,1F5fxHrHzwCg20QY8tNqG2Is+UU=
-60,-29,m2FOoc6OQkFk3ylBOkgfcZeBX5o=,1F5fxHrHzwCg20QY8tNqG2Is+UU=
-62,-29,m2FOoc6OQkFk3ylBOkgfcZeBX5o=,1F5fxHrHzwCg20QY8tNqG2Is+UU=
-61,-29,m2FOoc6OQkFk3ylBOkgfcZeBX5o=,1F5fxHrHzwCg20QY8tNqG2Is+UU=
-63,-29,m2FOoc6OQkFk3ylBOkgfcZeBX5o=,1F5fxHrHzwCg20QY8tNqG2Is+UU=
-58,-24,m2FOoc6OQkFk3ylBOkgfcZeBX5o=,zD/UZmOBZd5gg2tN3L4957Prgyo=
-62,-24,m2FOoc6OQkFk3ylBOkgfcZeBX5o=,zD/UZmOBZd5gg2tN3L4957Prgyo=
-63,-24,m2FOoc6OQkFk3ylBOkgfcZeBX5o=,zD/UZmOBZd5gg2tN3L4957Prgyo=
-60,-24,m2FOoc6OQkFk3ylBOkgfcZeBX5o=,zD/UZmOBZd5gg2tN3L4957Prgyo=
-59,-24,m2FOoc6OQkFk3ylBOkgfcZeBX5o=,zD/UZmOBZd5gg2tN3L4957Prgyo=
-61,-24,m2FOoc6OQkFk3ylBOkgfcZeBX5o=,zD/UZmOBZd5gg2tN3L4957Prgyo=
-55,-21,m2FOoc6OQkFk3ylBOkgfcZeBX5o=,+Kj2mLLLbMk21Hd5trnlS1ih5+Q=
-49,-20,m2FOoc6OQkFk3ylBOkgfcZeBX5o=,+Kj2mLLLbMk21Hd5trnlS1ih5+Q=
-50,-21,m2FOoc6OQkFk3ylBOkgfcZeBX5o=,+Kj2mLLLbMk21Hd5trnlS1ih5+Q=
-51,-21,m2FOoc6OQkFk3ylBOkgfcZeBX5o=,+Kj2mLLLbMk21Hd5trnlS1ih5+Q=
-52,-21,m2FOoc6OQkFk3ylBOkgfcZeBX5o=,+Kj2mLLLbMk21Hd5trnlS1ih5+Q=
-50,-20,m2FOoc6OQkFk3ylBOkgfcZeBX5o=,+Kj2mLLLbMk21Hd5trnlS1ih5+Q=
-53,-24,m2FOoc6OQkFk3ylBOkgfcZeBX5o=,+Kj2mLLLbMk21Hd5trnlS1ih5+Q=
-57,-22,m2FOoc6OQkFk3ylBOkgfcZeBX5o=,zD/UZmOBZd5gg2tN3L4957Prgyo=
-52,-17,m2FOoc6OQkFk3ylBOkgfcZeBX5o=,+Kj2mLLLbMk21Hd5trnlS1ih5+Q=
-53,-17,m2FOoc6OQkFk3ylBOkgfcZeBX5o=,+Kj2mLLLbMk21Hd5trnlS1ih5+Q=
-53,-25,m2FOoc6OQkFk3ylBOkgfcZeBX5o=,IB0xKpgkuRQO7tL416tAMBNDg/M=
-57,-28,m2FOoc6OQkFk3ylBOkgfcZeBX5o=,1F5fxHrHzwCg20QY8tNqG2Is+UU=
-54,-24,m2FOoc6OQkFk3ylBOkgfcZeBX5o=,+Kj2mLLLbMk21Hd5trnlS1ih5+Q=
-54,-25,m2FOoc6OQkFk3ylBOkgfcZeBX5o=,IB0xKpgkuRQO7tL416tAMBNDg/M=
-55,-25,m2FOoc6OQkFk3ylBOkgfcZeBX5o=,IB0xKpgkuRQO7tL416tAMBNDg/M=
-50,-26,m2FOoc6OQkFk3ylBOkgfcZeBX5o=,IB0xKpgkuRQO7tL416tAMBNDg/M=
-56,-25,m2FOoc6OQkFk3ylBOkgfcZeBX5o=,IB0xKpgkuRQO7tL416tAMBNDg/M=
-52,-25,m2FOoc6OQkFk3ylBOkgfcZeBX5o=,IB0xKpgkuRQO7tL416tAMBNDg/M=
-51,-17,m2FOoc6OQkFk3ylBOkgfcZeBX5o=,+Kj2mLLLbMk21Hd5trnlS1ih5+Q=
-51,-18,m2FOoc6OQkFk3ylBOkgfcZeBX5o=,+Kj2mLLLbMk21Hd5trnlS1ih5+Q=
-51,-26,m2FOoc6OQkFk3ylBOkgfcZeBX5o=,IB0xKpgkuRQO7tL416tAMBNDg/M=
-54,-17,m2FOoc6OQkFk3ylBOkgfcZeBX5o=,+Kj2mLLLbMk21Hd5trnlS1ih5+Q=
-57,-23,m2FOoc6OQkFk3ylBOkgfcZeBX5o=,zD/UZmOBZd5gg2tN3L4957Prgyo=
-52,-26,m2FOoc6OQkFk3ylBOkgfcZeBX5o=,IB0xKpgkuRQO7tL416tAMBNDg/M=
-53,-26,m2FOoc6OQkFk3ylBOkgfcZeBX5o=,IB0xKpgkuRQO7tL416tAMBNDg/M=
-54,-26,m2FOoc6OQkFk3ylBOkgfcZeBX5o=,IB0xKpgkuRQO7tL416tAMBNDg/M=
-57,-18,m2FOoc6OQkFk3ylBOkgfcZeBX5o=,zD/UZmOBZd5gg2tN3L4957Prgyo=
-55,-26,m2FOoc6OQkFk3ylBOkgfcZeBX5o=,IB0xKpgkuRQO7tL416tAMBNDg/M=
-56,-26,m2FOoc6OQkFk3ylBOkgfcZeBX5o=,IB0xKpgkuRQO7tL416tAMBNDg/M=
-50,-27,m2FOoc6OQkFk3ylBOkgfcZeBX5o=,IB0xKpgkuRQO7tL416tAMBNDg/M=
-51,-25,m2FOoc6OQkFk3ylBOkgfcZeBX5o=,IB0xKpgkuRQO7tL416tAMBNDg/M=
-54,-21,m2FOoc6OQkFk3ylBOkgfcZeBX5o=,+Kj2mLLLbMk21Hd5trnlS1ih5+Q=
-55,-17,m2FOoc6OQkFk3ylBOkgfcZeBX5o=,+Kj2mLLLbMk21Hd5trnlS1ih5+Q=
-56,-22,m2FOoc6OQkFk3ylBOkgfcZeBX5o=,+Kj2mLLLbMk21Hd5trnlS1ih5+Q=
-49,-23,m2FOoc6OQkFk3ylBOkgfcZeBX5o=,+Kj2mLLLbMk21Hd5trnlS1ih5+Q=
-51,-27,m2FOoc6OQkFk3ylBOkgfcZeBX5o=,IB0xKpgkuRQO7tL416tAMBNDg/M=
-57,-19,m2FOoc6OQkFk3ylBOkgfcZeBX5o=,zD/UZmOBZd5gg2tN3L4957Prgyo=
-49,-21,m2FOoc6OQkFk3ylBOkgfcZeBX5o=,+Kj2mLLLbMk21Hd5trnlS1ih5+Q=
-49,-19,m2FOoc6OQkFk3ylBOkgfcZeBX5o=,+Kj2mLLLbMk21Hd5trnlS1ih5+Q=
-52,-27,m2FOoc6OQkFk3ylBOkgfcZeBX5o=,IB0xKpgkuRQO7tL416tAMBNDg/M=
-53,-27,m2FOoc6OQkFk3ylBOkgfcZeBX5o=,IB0xKpgkuRQO7tL416tAMBNDg/M=
-54,-27,m2FOoc6OQkFk3ylBOkgfcZeBX5o=,IB0xKpgkuRQO7tL416tAMBNDg/M=
-55,-27,m2FOoc6OQkFk3ylBOkgfcZeBX5o=,IB0xKpgkuRQO7tL416tAMBNDg/M=
-50,-25,m2FOoc6OQkFk3ylBOkgfcZeBX5o=,IB0xKpgkuRQO7tL416tAMBNDg/M=
-54,-23,m2FOoc6OQkFk3ylBOkgfcZeBX5o=,+Kj2mLLLbMk21Hd5trnlS1ih5+Q=
-53,-21,m2FOoc6OQkFk3ylBOkgfcZeBX5o=,+Kj2mLLLbMk21Hd5trnlS1ih5+Q=
-56,-27,m2FOoc6OQkFk3ylBOkgfcZeBX5o=,IB0xKpgkuRQO7tL416tAMBNDg/M=
-57,-29,m2FOoc6OQkFk3ylBOkgfcZeBX5o=,1F5fxHrHzwCg20QY8tNqG2Is+UU=
-50,-19,m2FOoc6OQkFk3ylBOkgfcZeBX5o=,+Kj2mLLLbMk21Hd5trnlS1ih5+Q=
-51,-28,m2FOoc6OQkFk3ylBOkgfcZeBX5o=,IB0xKpgkuRQO7tL416tAMBNDg/M=
-52,-28,m2FOoc6OQkFk3ylBOkgfcZeBX5o=,IB0xKpgkuRQO7tL416tAMBNDg/M=
-50,-28,m2FOoc6OQkFk3ylBOkgfcZeBX5o=,IB0xKpgkuRQO7tL416tAMBNDg/M=
-53,-28,m2FOoc6OQkFk3ylBOkgfcZeBX5o=,IB0xKpgkuRQO7tL416tAMBNDg/M=
-50,-17,m2FOoc6OQkFk3ylBOkgfcZeBX5o=,+Kj2mLLLbMk21Hd5trnlS1ih5+Q=
-54,-28,m2FOoc6OQkFk3ylBOkgfcZeBX5o=,IB0xKpgkuRQO7tL416tAMBNDg/M=
-55,-28,m2FOoc6OQkFk3ylBOkgfcZeBX5o=,IB0xKpgkuRQO7tL416tAMBNDg/M=
-52,-24,m2FOoc6OQkFk3ylBOkgfcZeBX5o=,+Kj2mLLLbMk21Hd5trnlS1ih5+Q=
-51,-20,m2FOoc6OQkFk3ylBOkgfcZeBX5o=,+Kj2mLLLbMk21Hd5trnlS1ih5+Q=
-55,-24,m2FOoc6OQkFk3ylBOkgfcZeBX5o=,+Kj2mLLLbMk21Hd5trnlS1ih5+Q=
-51,-19,m2FOoc6OQkFk3ylBOkgfcZeBX5o=,+Kj2mLLLbMk21Hd5trnlS1ih5+Q=
-50,-29,m2FOoc6OQkFk3ylBOkgfcZeBX5o=,IB0xKpgkuRQO7tL416tAMBNDg/M=
-57,-24,m2FOoc6OQkFk3ylBOkgfcZeBX5o=,zD/UZmOBZd5gg2tN3L4957Prgyo=
-51,-29,m2FOoc6OQkFk3ylBOkgfcZeBX5o=,IB0xKpgkuRQO7tL416tAMBNDg/M=
-53,-19,m2FOoc6OQkFk3ylBOkgfcZeBX5o=,+Kj2mLLLbMk21Hd5trnlS1ih5+Q=
-52,-29,m2FOoc6OQkFk3ylBOkgfcZeBX5o=,IB0xKpgkuRQO7tL416tAMBNDg/M=
-56,-28,m2FOoc6OQkFk3ylBOkgfcZeBX5o=,IB0xKpgkuRQO7tL416tAMBNDg/M=
-56,-18,m2FOoc6OQkFk3ylBOkgfcZeBX5o=,+Kj2mLLLbMk21Hd5trnlS1ih5+Q=
-52,-19,m2FOoc6OQkFk3ylBOkgfcZeBX5o=,+Kj2mLLLbMk21Hd5trnlS1ih5+Q=
-57,-27,m2FOoc6OQkFk3ylBOkgfcZeBX5o=,1F5fxHrHzwCg20QY8tNqG2Is+UU=
-54,-29,m2FOoc6OQkFk3ylBOkgfcZeBX5o=,IB0xKpgkuRQO7tL416tAMBNDg/M=
-55,-29,m2FOoc6OQkFk3ylBOkgfcZeBX5o=,IB0xKpgkuRQO7tL416tAMBNDg/M=
-50,-30,m2FOoc6OQkFk3ylBOkgfcZeBX5o=,IB0xKpgkuRQO7tL416tAMBNDg/M=
-52,-30,m2FOoc6OQkFk3ylBOkgfcZeBX5o=,IB0xKpgkuRQO7tL416tAMBNDg/M=
-56,-20,m2FOoc6OQkFk3ylBOkgfcZeBX5o=,+Kj2mLLLbMk21Hd5trnlS1ih5+Q=
-51,-30,m2FOoc6OQkFk3ylBOkgfcZeBX5o=,IB0xKpgkuRQO7tL416tAMBNDg/M=
-53,-30,m2FOoc6OQkFk3ylBOkgfcZeBX5o=,IB0xKpgkuRQO7tL416tAMBNDg/M=
-54,-30,m2FOoc6OQkFk3ylBOkgfcZeBX5o=,IB0xKpgkuRQO7tL416tAMBNDg/M=
-57,-30,m2FOoc6OQkFk3ylBOkgfcZeBX5o=,1F5fxHrHzwCg20QY8tNqG2Is+UU=
-56,-30,m2FOoc6OQkFk3ylBOkgfcZeBX5o=,IB0xKpgkuRQO7tL416tAMBNDg/M=
-51,-24,m2FOoc6OQkFk3ylBOkgfcZeBX5o=,+Kj2mLLLbMk21Hd5trnlS1ih5+Q=
-53,-29,m2FOoc6OQkFk3ylBOkgfcZeBX5o=,IB0xKpgkuRQO7tL416tAMBNDg/M=
-56,-29,m2FOoc6OQkFk3ylBOkgfcZeBX5o=,IB0xKpgkuRQO7tL416tAMBNDg/M=
-55,-30,m2FOoc6OQkFk3ylBOkgfcZeBX5o=,IB0xKpgkuRQO7tL416tAMBNDg/M=
-54,-19,m2FOoc6OQkFk3ylBOkgfcZeBX5o=,+Kj2mLLLbMk21Hd5trnlS1ih5+Q=
-50,-31,m2FOoc6OQkFk3ylBOkgfcZeBX5o=,IB0xKpgkuRQO7tL416tAMBNDg/M=
-51,-31,m2FOoc6OQkFk3ylBOkgfcZeBX5o=,IB0xKpgkuRQO7tL416tAMBNDg/M=
-49,-25,m2FOoc6OQkFk3ylBOkgfcZeBX5o=,IB0xKpgkuRQO7tL416tAMBNDg/M=
-52,-31,m2FOoc6OQkFk3ylBOkgfcZeBX5o=,IB0xKpgkuRQO7tL416tAMBNDg/M=
-55,-22,m2FOoc6OQkFk3ylBOkgfcZeBX5o=,+Kj2mLLLbMk21Hd5trnlS1ih5+Q=
-53,-31,m2FOoc6OQkFk3ylBOkgfcZeBX5o=,IB0xKpgkuRQO7tL416tAMBNDg/M=
-57,-26,m2FOoc6OQkFk3ylBOkgfcZeBX5o=,1F5fxHrHzwCg20QY8tNqG2Is+UU=
-57,-25,m2FOoc6OQkFk3ylBOkgfcZeBX5o=,1F5fxHrHzwCg20QY8tNqG2Is+UU=
-54,-31,m2FOoc6OQkFk3ylBOkgfcZeBX5o=,IB0xKpgkuRQO7tL416tAMBNDg/M=
-56,-24,m2FOoc6OQkFk3ylBOkgfcZeBX5o=,+Kj2mLLLbMk21Hd5trnlS1ih5+Q=
-50,-24,m2FOoc6OQkFk3ylBOkgfcZeBX5o=,+Kj2mLLLbMk21Hd5trnlS1ih5+Q=
-57,-31,m2FOoc6OQkFk3ylBOkgfcZeBX5o=,1F5fxHrHzwCg20QY8tNqG2Is+UU=
-55,-31,m2FOoc6OQkFk3ylBOkgfcZeBX5o=,IB0xKpgkuRQO7tL416tAMBNDg/M=
-49,-26,m2FOoc6OQkFk3ylBOkgfcZeBX5o=,IB0xKpgkuRQO7tL416tAMBNDg/M=
-55,-32,m2FOoc6OQkFk3ylBOkgfcZeBX5o=,IB0xKpgkuRQO7tL416tAMBNDg/M=
-49,-31,m2FOoc6OQkFk3ylBOkgfcZeBX5o=,IB0xKpgkuRQO7tL416tAMBNDg/M=
-56,-31,m2FOoc6OQkFk3ylBOkgfcZeBX5o=,IB0xKpgkuRQO7tL416tAMBNDg/M=
-55,-18,m2FOoc6OQkFk3ylBOkgfcZeBX5o=,+Kj2mLLLbMk21Hd5trnlS1ih5+Q=
-55,-19,m2FOoc6OQkFk3ylBOkgfcZeBX5o=,+Kj2mLLLbMk21Hd5trnlS1ih5+Q=
-50,-32,m2FOoc6OQkFk3ylBOkgfcZeBX5o=,IB0xKpgkuRQO7tL416tAMBNDg/M=
-50,-23,m2FOoc6OQkFk3ylBOkgfcZeBX5o=,+Kj2mLLLbMk21Hd5trnlS1ih5+Q=
-51,-32,m2FOoc6OQkFk3ylBOkgfcZeBX5o=,IB0xKpgkuRQO7tL416tAMBNDg/M=
-56,-21,m2FOoc6OQkFk3ylBOkgfcZeBX5o=,+Kj2mLLLbMk21Hd5trnlS1ih5+Q=
-49,-24,m2FOoc6OQkFk3ylBOkgfcZeBX5o=,+Kj2mLLLbMk21Hd5trnlS1ih5+Q=
-54,-32,m2FOoc6OQkFk3ylBOkgfcZeBX5o=,IB0xKpgkuRQO7tL416tAMBNDg/M=
-52,-32,m2FOoc6OQkFk3ylBOkgfcZeBX5o=,IB0xKpgkuRQO7tL416tAMBNDg/M=
-50,-18,m2FOoc6OQkFk3ylBOkgfcZeBX5o=,+Kj2mLLLbMk21Hd5trnlS1ih5+Q=
-53,-32,m2FOoc6OQkFk3ylBOkgfcZeBX5o=,IB0xKpgkuRQO7tL416tAMBNDg/M=
-49,-27,m2FOoc6OQkFk3ylBOkgfcZeBX5o=,IB0xKpgkuRQO7tL416tAMBNDg/M=
-49,-30,m2FOoc6OQkFk3ylBOkgfcZeBX5o=,IB0xKpgkuRQO7tL416tAMBNDg/M=
-54,-18,m2FOoc6OQkFk3ylBOkgfcZeBX5o=,+Kj2mLLLbMk21Hd5trnlS1ih5+Q=
-49,-28,m2FOoc6OQkFk3ylBOkgfcZeBX5o=,IB0xKpgkuRQO7tL416tAMBNDg/M=
-49,-29,m2FOoc6OQkFk3ylBOkgfcZeBX5o=,IB0xKpgkuRQO7tL416tAMBNDg/M=
-49,-22,m2FOoc6OQkFk3ylBOkgfcZeBX5o=,+Kj2mLLLbMk21Hd5trnlS1ih5+Q=
-55,-23,m2FOoc6OQkFk3ylBOkgfcZeBX5o=,+Kj2mLLLbMk21Hd5trnlS1ih5+Q=
-50,-22,m2FOoc6OQkFk3ylBOkgfcZeBX5o=,+Kj2mLLLbMk21Hd5trnlS1ih5+Q=
-57,-21,m2FOoc6OQkFk3ylBOkgfcZeBX5o=,zD/UZmOBZd5gg2tN3L4957Prgyo=
-52,-20,m2FOoc6OQkFk3ylBOkgfcZeBX5o=,+Kj2mLLLbMk21Hd5trnlS1ih5+Q=
-51,-23,m2FOoc6OQkFk3ylBOkgfcZeBX5o=,+Kj2mLLLbMk21Hd5trnlS1ih5+Q=
-56,-23,m2FOoc6OQkFk3ylBOkgfcZeBX5o=,+Kj2mLLLbMk21Hd5trnlS1ih5+Q=
-51,-22,m2FOoc6OQkFk3ylBOkgfcZeBX5o=,+Kj2mLLLbMk21Hd5trnlS1ih5+Q=
-52,-22,m2FOoc6OQkFk3ylBOkgfcZeBX5o=,+Kj2mLLLbMk21Hd5trnlS1ih5+Q=
-53,-22,m2FOoc6OQkFk3ylBOkgfcZeBX5o=,+Kj2mLLLbMk21Hd5trnlS1ih5+Q=
-52,-23,m2FOoc6OQkFk3ylBOkgfcZeBX5o=,+Kj2mLLLbMk21Hd5trnlS1ih5+Q=
-54,-22,m2FOoc6OQkFk3ylBOkgfcZeBX5o=,+Kj2mLLLbMk21Hd5trnlS1ih5+Q=
-53,-20,m2FOoc6OQkFk3ylBOkgfcZeBX5o=,+Kj2mLLLbMk21Hd5trnlS1ih5+Q=
-52,-18,m2FOoc6OQkFk3ylBOkgfcZeBX5o=,+Kj2mLLLbMk21Hd5trnlS1ih5+Q=
-49,-18,m2FOoc6OQkFk3ylBOkgfcZeBX5o=,+Kj2mLLLbMk21Hd5trnlS1ih5+Q=
-53,-23,m2FOoc6OQkFk3ylBOkgfcZeBX5o=,+Kj2mLLLbMk21Hd5trnlS1ih5+Q=
-54,-20,m2FOoc6OQkFk3ylBOkgfcZeBX5o=,+Kj2mLLLbMk21Hd5trnlS1ih5+Q=
-57,-20,m2FOoc6OQkFk3ylBOkgfcZeBX5o=,zD/UZmOBZd5gg2tN3L4957Prgyo=
-56,-19,m2FOoc6OQkFk3ylBOkgfcZeBX5o=,+Kj2mLLLbMk21Hd5trnlS1ih5+Q=
-53,-18,m2FOoc6OQkFk3ylBOkgfcZeBX5o=,+Kj2mLLLbMk21Hd5trnlS1ih5+Q=
-63,-32,m2FOoc6OQkFk3ylBOkgfcZeBX5o=,1F5fxHrHzwCg20QY8tNqG2Is+UU=
-55,-20,m2FOoc6OQkFk3ylBOkgfcZeBX5o=,+Kj2mLLLbMk21Hd5trnlS1ih5+Q=
-58,-32,m2FOoc6OQkFk3ylBOkgfcZeBX5o=,1F5fxHrHzwCg20QY8tNqG2Is+UU=
-59,-32,m2FOoc6OQkFk3ylBOkgfcZeBX5o=,1F5fxHrHzwCg20QY8tNqG2Is+UU=
-57,-32,m2FOoc6OQkFk3ylBOkgfcZeBX5o=,1F5fxHrHzwCg20QY8tNqG2Is+UU=
-60,-32,m2FOoc6OQkFk3ylBOkgfcZeBX5o=,1F5fxHrHzwCg20QY8tNqG2Is+UU=
-62,-32,m2FOoc6OQkFk3ylBOkgfcZeBX5o=,1F5fxHrHzwCg20QY8tNqG2Is+UU=
-56,-32,m2FOoc6OQkFk3ylBOkgfcZeBX5o=,IB0xKpgkuRQO7tL416tAMBNDg/M=
-57,-17,m2FOoc6OQkFk3ylBOkgfcZeBX5o=,zD/UZmOBZd5gg2tN3L4957Prgyo=
-58,-17,m2FOoc6OQkFk3ylBOkgfcZeBX5o=,zD/UZmOBZd5gg2tN3L4957Prgyo=
-59,-17,m2FOoc6OQkFk3ylBOkgfcZeBX5o=,zD/UZmOBZd5gg2tN3L4957Prgyo=
-56,-17,m2FOoc6OQkFk3ylBOkgfcZeBX5o=,+Kj2mLLLbMk21Hd5trnlS1ih5+Q=
-60,-17,m2FOoc6OQkFk3ylBOkgfcZeBX5o=,zD/UZmOBZd5gg2tN3L4957Prgyo=
-61,-17,m2FOoc6OQkFk3ylBOkgfcZeBX5o=,zD/UZmOBZd5gg2tN3L4957Prgyo=
-62,-17,m2FOoc6OQkFk3ylBOkgfcZeBX5o=,zD/UZmOBZd5gg2tN3L4957Prgyo=
-63,-17,m2FOoc6OQkFk3ylBOkgfcZeBX5o=,zD/UZmOBZd5gg2tN3L4957Prgyo=
-61,-32,m2FOoc6OQkFk3ylBOkgfcZeBX5o=,1F5fxHrHzwCg20QY8tNqG2Is+UU=
-64,-20,m2FOoc6OQkFk3ylBOkgfcZeBX5o=,zD/UZmOBZd5gg2tN3L4957Prgyo=
-64,-23,m2FOoc6OQkFk3ylBOkgfcZeBX5o=,zD/UZmOBZd5gg2tN3L4957Prgyo=
-64,-18,m2FOoc6OQkFk3ylBOkgfcZeBX5o=,zD/UZmOBZd5gg2tN3L4957Prgyo=
-64,-17,m2FOoc6OQkFk3ylBOkgfcZeBX5o=,zD/UZmOBZd5gg2tN3L4957Prgyo=
-64,-21,m2FOoc6OQkFk3ylBOkgfcZeBX5o=,zD/UZmOBZd5gg2tN3L4957Prgyo=
-64,-19,m2FOoc6OQkFk3ylBOkgfcZeBX5o=,zD/UZmOBZd5gg2tN3L4957Prgyo=
-64,-22,m2FOoc6OQkFk3ylBOkgfcZeBX5o=,zD/UZmOBZd5gg2tN3L4957Prgyo=
-64,-27,m2FOoc6OQkFk3ylBOkgfcZeBX5o=,1F5fxHrHzwCg20QY8tNqG2Is+UU=
-49,-32,m2FOoc6OQkFk3ylBOkgfcZeBX5o=,IB0xKpgkuRQO7tL416tAMBNDg/M=
-64,-29,m2FOoc6OQkFk3ylBOkgfcZeBX5o=,1F5fxHrHzwCg20QY8tNqG2Is+UU=
-64,-32,m2FOoc6OQkFk3ylBOkgfcZeBX5o=,1F5fxHrHzwCg20QY8tNqG2Is+UU=
-64,-28,m2FOoc6OQkFk3ylBOkgfcZeBX5o=,1F5fxHrHzwCg20QY8tNqG2Is+UU=
-64,-24,m2FOoc6OQkFk3ylBOkgfcZeBX5o=,zD/UZmOBZd5gg2tN3L4957Prgyo=
-64,-31,m2FOoc6OQkFk3ylBOkgfcZeBX5o=,1F5fxHrHzwCg20QY8tNqG2Is+UU=
-49,-17,m2FOoc6OQkFk3ylBOkgfcZeBX5o=,+Kj2mLLLbMk21Hd5trnlS1ih5+Q=
-64,-25,m2FOoc6OQkFk3ylBOkgfcZeBX5o=,1F5fxHrHzwCg20QY8tNqG2Is+UU=
-64,-26,m2FOoc6OQkFk3ylBOkgfcZeBX5o=,1F5fxHrHzwCg20QY8tNqG2Is+UU=
-64,-30,m2FOoc6OQkFk3ylBOkgfcZeBX5o=,1F5fxHrHzwCg20QY8tNqG2Is+UU=
-55,-4,P9PrmGs+cFE4GrbUZkhdq3zHh08=,0JPgETanA0zxMEMWatqZJ+/JoZA=
-55,-6,P9PrmGs+cFE4GrbUZkhdq3zHh08=,0JPgETanA0zxMEMWatqZJ+/JoZA=
-54,-2,P9PrmGs+cFE4GrbUZkhdq3zHh08=,0JPgETanA0zxMEMWatqZJ+/JoZA=
-53,-7,P9PrmGs+cFE4GrbUZkhdq3zHh08=,0JPgETanA0zxMEMWatqZJ+/JoZA=
-55,-2,P9PrmGs+cFE4GrbUZkhdq3zHh08=,0JPgETanA0zxMEMWatqZJ+/JoZA=
-51,-2,P9PrmGs+cFE4GrbUZkhdq3zHh08=,0JPgETanA0zxMEMWatqZJ+/JoZA=
-54,-6,P9PrmGs+cFE4GrbUZkhdq3zHh08=,0JPgETanA0zxMEMWatqZJ+/JoZA=
-50,-5,P9PrmGs+cFE4GrbUZkhdq3zHh08=,0JPgETanA0zxMEMWatqZJ+/JoZA=
-51,-5,P9PrmGs+cFE4GrbUZkhdq3zHh08=,0JPgETanA0zxMEMWatqZJ+/JoZA=
-53,-6,P9PrmGs+cFE4GrbUZkhdq3zHh08=,0JPgETanA0zxMEMWatqZJ+/JoZA=
-52,-5,P9PrmGs+cFE4GrbUZkhdq3zHh08=,0JPgETanA0zxMEMWatqZJ+/JoZA=
-53,-5,P9PrmGs+cFE4GrbUZkhdq3zHh08=,0JPgETanA0zxMEMWatqZJ+/JoZA=
-52,-2,P9PrmGs+cFE4GrbUZkhdq3zHh08=,0JPgETanA0zxMEMWatqZJ+/JoZA=
-53,-2,P9PrmGs+cFE4GrbUZkhdq3zHh08=,0JPgETanA0zxMEMWatqZJ+/JoZA=
-50,-3,P9PrmGs+cFE4GrbUZkhdq3zHh08=,0JPgETanA0zxMEMWatqZJ+/JoZA=
-52,-6,P9PrmGs+cFE4GrbUZkhdq3zHh08=,0JPgETanA0zxMEMWatqZJ+/JoZA=
-54,-7,P9PrmGs+cFE4GrbUZkhdq3zHh08=,0JPgETanA0zxMEMWatqZJ+/JoZA=
-51,-3,P9PrmGs+cFE4GrbUZkhdq3zHh08=,0JPgETanA0zxMEMWatqZJ+/JoZA=
-50,-7,P9PrmGs+cFE4GrbUZkhdq3zHh08=,0JPgETanA0zxMEMWatqZJ+/JoZA=
-52,-3,P9PrmGs+cFE4GrbUZkhdq3zHh08=,0JPgETanA0zxMEMWatqZJ+/JoZA=
-54,-4,P9PrmGs+cFE4GrbUZkhdq3zHh08=,0JPgETanA0zxMEMWatqZJ+/JoZA=
-53,-3,P9PrmGs+cFE4GrbUZkhdq3zHh08=,0JPgETanA0zxMEMWatqZJ+/JoZA=
-54,-5,P9PrmGs+cFE4GrbUZkhdq3zHh08=,0JPgETanA0zxMEMWatqZJ+/JoZA=
-55,-3,P9PrmGs+cFE4GrbUZkhdq3zHh08=,0JPgETanA0zxMEMWatqZJ+/JoZA=
-55,-7,P9PrmGs+cFE4GrbUZkhdq3zHh08=,0JPgETanA0zxMEMWatqZJ+/JoZA=
-53,-4,P9PrmGs+cFE4GrbUZkhdq3zHh08=,0JPgETanA0zxMEMWatqZJ+/JoZA=
-50,-2,P9PrmGs+cFE4GrbUZkhdq3zHh08=,0JPgETanA0zxMEMWatqZJ+/JoZA=
-54,-3,P9PrmGs+cFE4GrbUZkhdq3zHh08=,0JPgETanA0zxMEMWatqZJ+/JoZA=
-50,-4,P9PrmGs+cFE4GrbUZkhdq3zHh08=,0JPgETanA0zxMEMWatqZJ+/JoZA=
-52,-4,P9PrmGs+cFE4GrbUZkhdq3zHh08=,0JPgETanA0zxMEMWatqZJ+/JoZA=
-55,-5,P9PrmGs+cFE4GrbUZkhdq3zHh08=,0JPgETanA0zxMEMWatqZJ+/JoZA=
-52,-7,P9PrmGs+cFE4GrbUZkhdq3zHh08=,0JPgETanA0zxMEMWatqZJ+/JoZA=
-51,-6,P9PrmGs+cFE4GrbUZkhdq3zHh08=,0JPgETanA0zxMEMWatqZJ+/JoZA=
-50,-6,P9PrmGs+cFE4GrbUZkhdq3zHh08=,0JPgETanA0zxMEMWatqZJ+/JoZA=
-51,-4,P9PrmGs+cFE4GrbUZkhdq3zHh08=,0JPgETanA0zxMEMWatqZJ+/JoZA=
-51,-7,P9PrmGs+cFE4GrbUZkhdq3zHh08=,0JPgETanA0zxMEMWatqZJ+/JoZA=
-62,-11,P9PrmGs+cFE4GrbUZkhdq3zHh08=,4na+E2ZbOaZKJDpwuFGvZquwS0w=
-61,-11,P9PrmGs+cFE4GrbUZkhdq3zHh08=,4na+E2ZbOaZKJDpwuFGvZquwS0w=
-63,-11,P9PrmGs+cFE4GrbUZkhdq3zHh08=,4na+E2ZbOaZKJDpwuFGvZquwS0w=
-58,-12,P9PrmGs+cFE4GrbUZkhdq3zHh08=,4na+E2ZbOaZKJDpwuFGvZquwS0w=
-60,-11,P9PrmGs+cFE4GrbUZkhdq3zHh08=,4na+E2ZbOaZKJDpwuFGvZquwS0w=
-59,-11,P9PrmGs+cFE4GrbUZkhdq3zHh08=,4na+E2ZbOaZKJDpwuFGvZquwS0w=
-59,-12,P9PrmGs+cFE4GrbUZkhdq3zHh08=,4na+E2ZbOaZKJDpwuFGvZquwS0w=
-60,-12,P9PrmGs+cFE4GrbUZkhdq3zHh08=,4na+E2ZbOaZKJDpwuFGvZquwS0w=
-61,-12,P9PrmGs+cFE4GrbUZkhdq3zHh08=,4na+E2ZbOaZKJDpwuFGvZquwS0w=
-62,-12,P9PrmGs+cFE4GrbUZkhdq3zHh08=,4na+E2ZbOaZKJDpwuFGvZquwS0w=
-63,-12,P9PrmGs+cFE4GrbUZkhdq3zHh08=,4na+E2ZbOaZKJDpwuFGvZquwS0w=
-58,-13,P9PrmGs+cFE4GrbUZkhdq3zHh08=,4na+E2ZbOaZKJDpwuFGvZquwS0w=
-58,-11,P9PrmGs+cFE4GrbUZkhdq3zHh08=,4na+E2ZbOaZKJDpwuFGvZquwS0w=
-59,-13,P9PrmGs+cFE4GrbUZkhdq3zHh08=,4na+E2ZbOaZKJDpwuFGvZquwS0w=
-53,-1,P9PrmGs+cFE4GrbUZkhdq3zHh08=,0JPgETanA0zxMEMWatqZJ+/JoZA=
-60,-13,P9PrmGs+cFE4GrbUZkhdq3zHh08=,4na+E2ZbOaZKJDpwuFGvZquwS0w=
-54,-1,P9PrmGs+cFE4GrbUZkhdq3zHh08=,0JPgETanA0zxMEMWatqZJ+/JoZA=
-55,-1,P9PrmGs+cFE4GrbUZkhdq3zHh08=,0JPgETanA0zxMEMWatqZJ+/JoZA=
-61,-13,P9PrmGs+cFE4GrbUZkhdq3zHh08=,4na+E2ZbOaZKJDpwuFGvZquwS0w=
-62,-13,P9PrmGs+cFE4GrbUZkhdq3zHh08=,4na+E2ZbOaZKJDpwuFGvZquwS0w=
-63,-13,P9PrmGs+cFE4GrbUZkhdq3zHh08=,4na+E2ZbOaZKJDpwuFGvZquwS0w=
-58,-14,P9PrmGs+cFE4GrbUZkhdq3zHh08=,4na+E2ZbOaZKJDpwuFGvZquwS0w=
-63,-10,P9PrmGs+cFE4GrbUZkhdq3zHh08=,4na+E2ZbOaZKJDpwuFGvZquwS0w=
-50,-1,P9PrmGs+cFE4GrbUZkhdq3zHh08=,0JPgETanA0zxMEMWatqZJ+/JoZA=
-51,-1,P9PrmGs+cFE4GrbUZkhdq3zHh08=,0JPgETanA0zxMEMWatqZJ+/JoZA=
-60,-14,P9PrmGs+cFE4GrbUZkhdq3zHh08=,4na+E2ZbOaZKJDpwuFGvZquwS0w=
-59,-14,P9PrmGs+cFE4GrbUZkhdq3zHh08=,4na+E2ZbOaZKJDpwuFGvZquwS0w=
-62,-14,P9PrmGs+cFE4GrbUZkhdq3zHh08=,4na+E2ZbOaZKJDpwuFGvZquwS0w=
-61,-14,P9PrmGs+cFE4GrbUZkhdq3zHh08=,4na+E2ZbOaZKJDpwuFGvZquwS0w=
-58,-15,P9PrmGs+cFE4GrbUZkhdq3zHh08=,4na+E2ZbOaZKJDpwuFGvZquwS0w=
-60,-15,P9PrmGs+cFE4GrbUZkhdq3zHh08=,4na+E2ZbOaZKJDpwuFGvZquwS0w=
-63,-14,P9PrmGs+cFE4GrbUZkhdq3zHh08=,4na+E2ZbOaZKJDpwuFGvZquwS0w=
-59,-15,P9PrmGs+cFE4GrbUZkhdq3zHh08=,4na+E2ZbOaZKJDpwuFGvZquwS0w=
-62,-10,P9PrmGs+cFE4GrbUZkhdq3zHh08=,4na+E2ZbOaZKJDpwuFGvZquwS0w=
-58,-10,P9PrmGs+cFE4GrbUZkhdq3zHh08=,4na+E2ZbOaZKJDpwuFGvZquwS0w=
-63,-15,P9PrmGs+cFE4GrbUZkhdq3zHh08=,4na+E2ZbOaZKJDpwuFGvZquwS0w=
-62,-15,P9PrmGs+cFE4GrbUZkhdq3zHh08=,4na+E2ZbOaZKJDpwuFGvZquwS0w=
-60,-10,P9PrmGs+cFE4GrbUZkhdq3zHh08=,4na+E2ZbOaZKJDpwuFGvZquwS0w=
-61,-15,P9PrmGs+cFE4GrbUZkhdq3zHh08=,4na+E2ZbOaZKJDpwuFGvZquwS0w=
-59,-10,P9PrmGs+cFE4GrbUZkhdq3zHh08=,4na+E2ZbOaZKJDpwuFGvZquwS0w=
-52,-1,P9PrmGs+cFE4GrbUZkhdq3zHh08=,0JPgETanA0zxMEMWatqZJ+/JoZA=
-61,-5,P9PrmGs+cFE4GrbUZkhdq3zHh08=,yEj7GFxON81t1nDCKBbnbxjiR7w=
-61,-10,P9PrmGs+cFE4GrbUZkhdq3zHh08=,4na+E2ZbOaZKJDpwuFGvZquwS0w=
-60,-5,P9PrmGs+cFE4GrbUZkhdq3zHh08=,yEj7GFxON81t1nDCKBbnbxjiR7w=
-57,-1,P9PrmGs+cFE4GrbUZkhdq3zHh08=,yEj7GFxON81t1nDCKBbnbxjiR7w=
-63,-5,P9PrmGs+cFE4GrbUZkhdq3zHh08=,yEj7GFxON81t1nDCKBbnbxjiR7w=
-59,-1,P9PrmGs+cFE4GrbUZkhdq3zHh08=,yEj7GFxON81t1nDCKBbnbxjiR7w=
-56,-4,P9PrmGs+cFE4GrbUZkhdq3zHh08=,0JPgETanA0zxMEMWatqZJ+/JoZA=
-64,-5,P9PrmGs+cFE4GrbUZkhdq3zHh08=,yEj7GFxON81t1nDCKBbnbxjiR7w=
-59,-6,P9PrmGs+cFE4GrbUZkhdq3zHh08=,yEj7GFxON81t1nDCKBbnbxjiR7w=
-56,-2,P9PrmGs+cFE4GrbUZkhdq3zHh08=,0JPgETanA0zxMEMWatqZJ+/JoZA=
-60,-1,P9PrmGs+cFE4GrbUZkhdq3zHh08=,yEj7GFxON81t1nDCKBbnbxjiR7w=
-57,-6,P9PrmGs+cFE4GrbUZkhdq3zHh08=,yEj7GFxON81t1nDCKBbnbxjiR7w=
-62,-5,P9PrmGs+cFE4GrbUZkhdq3zHh08=,yEj7GFxON81t1nDCKBbnbxjiR7w=
-58,-6,P9PrmGs+cFE4GrbUZkhdq3zHh08=,yEj7GFxON81t1nDCKBbnbxjiR7w=
-60,-6,P9PrmGs+cFE4GrbUZkhdq3zHh08=,yEj7GFxON81t1nDCKBbnbxjiR7w=
-61,-6,P9PrmGs+cFE4GrbUZkhdq3zHh08=,yEj7GFxON81t1nDCKBbnbxjiR7w=
-56,-6,P9PrmGs+cFE4GrbUZkhdq3zHh08=,0JPgETanA0zxMEMWatqZJ+/JoZA=
-61,-1,P9PrmGs+cFE4GrbUZkhdq3zHh08=,yEj7GFxON81t1nDCKBbnbxjiR7w=
-62,-6,P9PrmGs+cFE4GrbUZkhdq3zHh08=,yEj7GFxON81t1nDCKBbnbxjiR7w=
-64,-6,P9PrmGs+cFE4GrbUZkhdq3zHh08=,yEj7GFxON81t1nDCKBbnbxjiR7w=
-63,-6,P9PrmGs+cFE4GrbUZkhdq3zHh08=,yEj7GFxON81t1nDCKBbnbxjiR7w=
-53,-9,P9PrmGs+cFE4GrbUZkhdq3zHh08=,1GgFHztxIF5bo+l6pQg5tPXdK9k=
-54,-9,P9PrmGs+cFE4GrbUZkhdq3zHh08=,1GgFHztxIF5bo+l6pQg5tPXdK9k=
-57,-7,P9PrmGs+cFE4GrbUZkhdq3zHh08=,yEj7GFxON81t1nDCKBbnbxjiR7w=
-59,-5,P9PrmGs+cFE4GrbUZkhdq3zHh08=,yEj7GFxON81t1nDCKBbnbxjiR7w=
-59,-7,P9PrmGs+cFE4GrbUZkhdq3zHh08=,yEj7GFxON81t1nDCKBbnbxjiR7w=
-55,-9,P9PrmGs+cFE4GrbUZkhdq3zHh08=,1GgFHztxIF5bo+l6pQg5tPXdK9k=
-56,-9,P9PrmGs+cFE4GrbUZkhdq3zHh08=,1GgFHztxIF5bo+l6pQg5tPXdK9k=
-52,-9,P9PrmGs+cFE4GrbUZkhdq3zHh08=,1GgFHztxIF5bo+l6pQg5tPXdK9k=
-60,-7,P9PrmGs+cFE4GrbUZkhdq3zHh08=,yEj7GFxON81t1nDCKBbnbxjiR7w=
-61,-7,P9PrmGs+cFE4GrbUZkhdq3zHh08=,yEj7GFxON81t1nDCKBbnbxjiR7w=
-62,-7,P9PrmGs+cFE4GrbUZkhdq3zHh08=,yEj7GFxON81t1nDCKBbnbxjiR7w=
-49,-10,P9PrmGs+cFE4GrbUZkhdq3zHh08=,1GgFHztxIF5bo+l6pQg5tPXdK9k=
-50,-10,P9PrmGs+cFE4GrbUZkhdq3zHh08=,1GgFHztxIF5bo+l6pQg5tPXdK9k=
-64,-7,P9PrmGs+cFE4GrbUZkhdq3zHh08=,yEj7GFxON81t1nDCKBbnbxjiR7w=
-63,-7,P9PrmGs+cFE4GrbUZkhdq3zHh08=,yEj7GFxON81t1nDCKBbnbxjiR7w=
-58,-5,P9PrmGs+cFE4GrbUZkhdq3zHh08=,yEj7GFxON81t1nDCKBbnbxjiR7w=
-58,-7,P9PrmGs+cFE4GrbUZkhdq3zHh08=,yEj7GFxON81t1nDCKBbnbxjiR7w=
-58,-8,P9PrmGs+cFE4GrbUZkhdq3zHh08=,yEj7GFxON81t1nDCKBbnbxjiR7w=
-59,-8,P9PrmGs+cFE4GrbUZkhdq3zHh08=,yEj7GFxON81t1nDCKBbnbxjiR7w=
-56,-1,P9PrmGs+cFE4GrbUZkhdq3zHh08=,0JPgETanA0zxMEMWatqZJ+/JoZA=
-53,-8,P9PrmGs+cFE4GrbUZkhdq3zHh08=,0JPgETanA0zxMEMWatqZJ+/JoZA=
-60,-8,P9PrmGs+cFE4GrbUZkhdq3zHh08=,yEj7GFxON81t1nDCKBbnbxjiR7w=
-51,-10,P9PrmGs+cFE4GrbUZkhdq3zHh08=,1GgFHztxIF5bo+l6pQg5tPXdK9k=
-52,-10,P9PrmGs+cFE4GrbUZkhdq3zHh08=,1GgFHztxIF5bo+l6pQg5tPXdK9k=
-53,-10,P9PrmGs+cFE4GrbUZkhdq3zHh08=,1GgFHztxIF5bo+l6pQg5tPXdK9k=
-62,-1,P9PrmGs+cFE4GrbUZkhdq3zHh08=,yEj7GFxON81t1nDCKBbnbxjiR7w=
-56,-3,P9PrmGs+cFE4GrbUZkhdq3zHh08=,0JPgETanA0zxMEMWatqZJ+/JoZA=
-54,-10,P9PrmGs+cFE4GrbUZkhdq3zHh08=,1GgFHztxIF5bo+l6pQg5tPXdK9k=
-58,-1,P9PrmGs+cFE4GrbUZkhdq3zHh08=,yEj7GFxON81t1nDCKBbnbxjiR7w=
-61,-8,P9PrmGs+cFE4GrbUZkhdq3zHh08=,yEj7GFxON81t1nDCKBbnbxjiR7w=
-56,-10,P9PrmGs+cFE4GrbUZkhdq3zHh08=,1GgFHztxIF5bo+l6pQg5tPXdK9k=
-57,-2,P9PrmGs+cFE4GrbUZkhdq3zHh08=,yEj7GFxON81t1nDCKBbnbxjiR7w=
-51,-9,P9PrmGs+cFE4GrbUZkhdq3zHh08=,1GgFHztxIF5bo+l6pQg5tPXdK9k=
-55,-10,P9PrmGs+cFE4GrbUZkhdq3zHh08=,1GgFHztxIF5bo+l6pQg5tPXdK9k=
-62,-8,P9PrmGs+cFE4GrbUZkhdq3zHh08=,yEj7GFxON81t1nDCKBbnbxjiR7w=
-58,-2,P9PrmGs+cFE4GrbUZkhdq3zHh08=,yEj7GFxON81t1nDCKBbnbxjiR7w=
-57,-12,P9PrmGs+cFE4GrbUZkhdq3zHh08=,4na+E2ZbOaZKJDpwuFGvZquwS0w=
-63,-8,P9PrmGs+cFE4GrbUZkhdq3zHh08=,yEj7GFxON81t1nDCKBbnbxjiR7w=
-59,-2,P9PrmGs+cFE4GrbUZkhdq3zHh08=,yEj7GFxON81t1nDCKBbnbxjiR7w=
-60,-2,P9PrmGs+cFE4GrbUZkhdq3zHh08=,yEj7GFxON81t1nDCKBbnbxjiR7w=
-57,-5,P9PrmGs+cFE4GrbUZkhdq3zHh08=,yEj7GFxON81t1nDCKBbnbxjiR7w=
-62,-2,P9PrmGs+cFE4GrbUZkhdq3zHh08=,yEj7GFxON81t1nDCKBbnbxjiR7w=
-61,-2,P9PrmGs+cFE4GrbUZkhdq3zHh08=,yEj7GFxON81t1nDCKBbnbxjiR7w=
-63,-1,P9PrmGs+cFE4GrbUZkhdq3zHh08=,yEj7GFxON81t1nDCKBbnbxjiR7w=
-57,-8,P9PrmGs+cFE4GrbUZkhdq3zHh08=,yEj7GFxON81t1nDCKBbnbxjiR7w=
-58,-9,P9PrmGs+cFE4GrbUZkhdq3zHh08=,4na+E2ZbOaZKJDpwuFGvZquwS0w=
-56,-8,P9PrmGs+cFE4GrbUZkhdq3zHh08=,0JPgETanA0zxMEMWatqZJ+/JoZA=
-49,-11,P9PrmGs+cFE4GrbUZkhdq3zHh08=,1GgFHztxIF5bo+l6pQg5tPXdK9k=
-50,-11,P9PrmGs+cFE4GrbUZkhdq3zHh08=,1GgFHztxIF5bo+l6pQg5tPXdK9k=
-51,-11,P9PrmGs+cFE4GrbUZkhdq3zHh08=,1GgFHztxIF5bo+l6pQg5tPXdK9k=
-59,-9,P9PrmGs+cFE4GrbUZkhdq3zHh08=,4na+E2ZbOaZKJDpwuFGvZquwS0w=
-63,-2,P9PrmGs+cFE4GrbUZkhdq3zHh08=,yEj7GFxON81t1nDCKBbnbxjiR7w=
-64,-2,P9PrmGs+cFE4GrbUZkhdq3zHh08=,yEj7GFxON81t1nDCKBbnbxjiR7w=
-57,-3,P9PrmGs+cFE4GrbUZkhdq3zHh08=,yEj7GFxON81t1nDCKBbnbxjiR7w=
-64,-4,P9PrmGs+cFE4GrbUZkhdq3zHh08=,yEj7GFxON81t1nDCKBbnbxjiR7w=
-52,-11,P9PrmGs+cFE4GrbUZkhdq3zHh08=,1GgFHztxIF5bo+l6pQg5tPXdK9k=
-58,-3,P9PrmGs+cFE4GrbUZkhdq3zHh08=,yEj7GFxON81t1nDCKBbnbxjiR7w=
-55,-11,P9PrmGs+cFE4GrbUZkhdq3zHh08=,1GgFHztxIF5bo+l6pQg5tPXdK9k=
-59,-3,P9PrmGs+cFE4GrbUZkhdq3zHh08=,yEj7GFxON81t1nDCKBbnbxjiR7w=
-54,-11,P9PrmGs+cFE4GrbUZkhdq3zHh08=,1GgFHztxIF5bo+l6pQg5tPXdK9k=
-56,-11,P9PrmGs+cFE4GrbUZkhdq3zHh08=,1GgFHztxIF5bo+l6pQg5tPXdK9k=
-49,-12,P9PrmGs+cFE4GrbUZkhdq3zHh08=,1GgFHztxIF5bo+l6pQg5tPXdK9k=
-50,-12,P9PrmGs+cFE4GrbUZkhdq3zHh08=,1GgFHztxIF5bo+l6pQg5tPXdK9k=
-60,-9,P9PrmGs+cFE4GrbUZkhdq3zHh08=,4na+E2ZbOaZKJDpwuFGvZquwS0w=
-60,-3,P9PrmGs+cFE4GrbUZkhdq3zHh08=,yEj7GFxON81t1nDCKBbnbxjiR7w=
-51,-12,P9PrmGs+cFE4GrbUZkhdq3zHh08=,1GgFHztxIF5bo+l6pQg5tPXdK9k=
-50,-9,P9PrmGs+cFE4GrbUZkhdq3zHh08=,1GgFHztxIF5bo+l6pQg5tPXdK9k=
-63,-4,P9PrmGs+cFE4GrbUZkhdq3zHh08=,yEj7GFxON81t1nDCKBbnbxjiR7w=
-53,-12,P9PrmGs+cFE4GrbUZkhdq3zHh08=,1GgFHztxIF5bo+l6pQg5tPXdK9k=
-55,-12,P9PrmGs+cFE4GrbUZkhdq3zHh08=,1GgFHztxIF5bo+l6pQg5tPXdK9k=
-57,-9,P9PrmGs+cFE4GrbUZkhdq3zHh08=,4na+E2ZbOaZKJDpwuFGvZquwS0w=
-61,-3,P9PrmGs+cFE4GrbUZkhdq3zHh08=,yEj7GFxON81t1nDCKBbnbxjiR7w=
-54,-12,P9PrmGs+cFE4GrbUZkhdq3zHh08=,1GgFHztxIF5bo+l6pQg5tPXdK9k=
-56,-12,P9PrmGs+cFE4GrbUZkhdq3zHh08=,1GgFHztxIF5bo+l6pQg5tPXdK9k=
-50,-13,P9PrmGs+cFE4GrbUZkhdq3zHh08=,1GgFHztxIF5bo+l6pQg5tPXdK9k=
-49,-13,P9PrmGs+cFE4GrbUZkhdq3zHh08=,1GgFHztxIF5bo+l6pQg5tPXdK9k=
-62,-3,P9PrmGs+cFE4GrbUZkhdq3zHh08=,yEj7GFxON81t1nDCKBbnbxjiR7w=
-49,-9,P9PrmGs+cFE4GrbUZkhdq3zHh08=,1GgFHztxIF5bo+l6pQg5tPXdK9k=
-53,-11,P9PrmGs+cFE4GrbUZkhdq3zHh08=,1GgFHztxIF5bo+l6pQg5tPXdK9k=
-56,-5,P9PrmGs+cFE4GrbUZkhdq3zHh08=,0JPgETanA0zxMEMWatqZJ+/JoZA=
-61,-9,P9PrmGs+cFE4GrbUZkhdq3zHh08=,4na+E2ZbOaZKJDpwuFGvZquwS0w=
-51,-13,P9PrmGs+cFE4GrbUZkhdq3zHh08=,1GgFHztxIF5bo+l6pQg5tPXdK9k=
-52,-13,P9PrmGs+cFE4GrbUZkhdq3zHh08=,1GgFHztxIF5bo+l6pQg5tPXdK9k=
-53,-13,P9PrmGs+cFE4GrbUZkhdq3zHh08=,1GgFHztxIF5bo+l6pQg5tPXdK9k=
-64,-10,P9PrmGs+cFE4GrbUZkhdq3zHh08=,4na+E2ZbOaZKJDpwuFGvZquwS0w=
-54,-13,P9PrmGs+cFE4GrbUZkhdq3zHh08=,1GgFHztxIF5bo+l6pQg5tPXdK9k=
-64,-3,P9PrmGs+cFE4GrbUZkhdq3zHh08=,yEj7GFxON81t1nDCKBbnbxjiR7w=
-55,-13,P9PrmGs+cFE4GrbUZkhdq3zHh08=,1GgFHztxIF5bo+l6pQg5tPXdK9k=
-63,-3,P9PrmGs+cFE4GrbUZkhdq3zHh08=,yEj7GFxON81t1nDCKBbnbxjiR7w=
-62,-9,P9PrmGs+cFE4GrbUZkhdq3zHh08=,4na+E2ZbOaZKJDpwuFGvZquwS0w=
-56,-13,P9PrmGs+cFE4GrbUZkhdq3zHh08=,1GgFHztxIF5bo+l6pQg5tPXdK9k=
-54,-8,P9PrmGs+cFE4GrbUZkhdq3zHh08=,0JPgETanA0zxMEMWatqZJ+/JoZA=
-49,-6,P9PrmGs+cFE4GrbUZkhdq3zHh08=,0JPgETanA0zxMEMWatqZJ+/JoZA=
-51,-14,P9PrmGs+cFE4GrbUZkhdq3zHh08=,1GgFHztxIF5bo+l6pQg5tPXdK9k=
-50,-14,P9PrmGs+cFE4GrbUZkhdq3zHh08=,1GgFHztxIF5bo+l6pQg5tPXdK9k=
-64,-15,P9PrmGs+cFE4GrbUZkhdq3zHh08=,4na+E2ZbOaZKJDpwuFGvZquwS0w=
-62,-4,P9PrmGs+cFE4GrbUZkhdq3zHh08=,yEj7GFxON81t1nDCKBbnbxjiR7w=
-57,-13,P9PrmGs+cFE4GrbUZkhdq3zHh08=,4na+E2ZbOaZKJDpwuFGvZquwS0w=
-53,-14,P9PrmGs+cFE4GrbUZkhdq3zHh08=,1GgFHztxIF5bo+l6pQg5tPXdK9k=
-54,-14,P9PrmGs+cFE4GrbUZkhdq3zHh08=,1GgFHztxIF5bo+l6pQg5tPXdK9k=
-55,-14,P9PrmGs+cFE4GrbUZkhdq3zHh08=,1GgFHztxIF5bo+l6pQg5tPXdK9k=
-49,-5,P9PrmGs+cFE4GrbUZkhdq3zHh08=,0JPgETanA0zxMEMWatqZJ+/JoZA=
-57,-14,P9PrmGs+cFE4GrbUZkhdq3zHh08=,4na+E2ZbOaZKJDpwuFGvZquwS0w=
-49,-14,P9PrmGs+cFE4GrbUZkhdq3zHh08=,1GgFHztxIF5bo+l6pQg5tPXdK9k=
-49,-4,P9PrmGs+cFE4GrbUZkhdq3zHh08=,0JPgETanA0zxMEMWatqZJ+/JoZA=
-49,-3,P9PrmGs+cFE4GrbUZkhdq3zHh08=,0JPgETanA0zxMEMWatqZJ+/JoZA=
-52,-12,P9PrmGs+cFE4GrbUZkhdq3zHh08=,1GgFHztxIF5bo+l6pQg5tPXdK9k=
-56,-14,P9PrmGs+cFE4GrbUZkhdq3zHh08=,1GgFHztxIF5bo+l6pQg5tPXdK9k=
-64,-9,P9PrmGs+cFE4GrbUZkhdq3zHh08=,4na+E2ZbOaZKJDpwuFGvZquwS0w=
-61,-4,P9PrmGs+cFE4GrbUZkhdq3zHh08=,yEj7GFxON81t1nDCKBbnbxjiR7w=
-56,-7,P9PrmGs+cFE4GrbUZkhdq3zHh08=,0JPgETanA0zxMEMWatqZJ+/JoZA=
-52,-14,P9PrmGs+cFE4GrbUZkhdq3zHh08=,1GgFHztxIF5bo+l6pQg5tPXdK9k=
-50,-15,P9PrmGs+cFE4GrbUZkhdq3zHh08=,1GgFHztxIF5bo+l6pQg5tPXdK9k=
-51,-15,P9PrmGs+cFE4GrbUZkhdq3zHh08=,1GgFHztxIF5bo+l6pQg5tPXdK9k=
-53,-15,P9PrmGs+cFE4GrbUZkhdq3zHh08=,1GgFHztxIF5bo+l6pQg5tPXdK9k=
-54,-15,P9PrmGs+cFE4GrbUZkhdq3zHh08=,1GgFHztxIF5bo+l6pQg5tPXdK9k=
-57,-11,P9PrmGs+cFE4GrbUZkhdq3zHh08=,4na+E2ZbOaZKJDpwuFGvZquwS0w=
-55,-15,P9PrmGs+cFE4GrbUZkhdq3zHh08=,1GgFHztxIF5bo+l6pQg5tPXdK9k=
-49,-8,P9PrmGs+cFE4GrbUZkhdq3zHh08=,0JPgETanA0zxMEMWatqZJ+/JoZA=
-50,-16,P9PrmGs+cFE4GrbUZkhdq3zHh08=,1GgFHztxIF5bo+l6pQg5tPXdK9k=
-57,-15,P9PrmGs+cFE4GrbUZkhdq3zHh08=,4na+E2ZbOaZKJDpwuFGvZquwS0w=
-51,-16,P9PrmGs+cFE4GrbUZkhdq3zHh08=,1GgFHztxIF5bo+l6pQg5tPXdK9k=
-49,-7,P9PrmGs+cFE4GrbUZkhdq3zHh08=,0JPgETanA0zxMEMWatqZJ+/JoZA=
-64,-14,P9PrmGs+cFE4GrbUZkhdq3zHh08=,4na+E2ZbOaZKJDpwuFGvZquwS0w=
-60,-4,P9PrmGs+cFE4GrbUZkhdq3zHh08=,yEj7GFxON81t1nDCKBbnbxjiR7w=
-49,-2,P9PrmGs+cFE4GrbUZkhdq3zHh08=,0JPgETanA0zxMEMWatqZJ+/JoZA=
-58,-4,P9PrmGs+cFE4GrbUZkhdq3zHh08=,yEj7GFxON81t1nDCKBbnbxjiR7w=
-49,-15,P9PrmGs+cFE4GrbUZkhdq3zHh08=,1GgFHztxIF5bo+l6pQg5tPXdK9k=
-55,-16,P9PrmGs+cFE4GrbUZkhdq3zHh08=,1GgFHztxIF5bo+l6pQg5tPXdK9k=
-57,-4,P9PrmGs+cFE4GrbUZkhdq3zHh08=,yEj7GFxON81t1nDCKBbnbxjiR7w=
-56,-15,P9PrmGs+cFE4GrbUZkhdq3zHh08=,1GgFHztxIF5bo+l6pQg5tPXdK9k=
-55,-8,P9PrmGs+cFE4GrbUZkhdq3zHh08=,0JPgETanA0zxMEMWatqZJ+/JoZA=
-64,-13,P9PrmGs+cFE4GrbUZkhdq3zHh08=,4na+E2ZbOaZKJDpwuFGvZquwS0w=
-59,-4,P9PrmGs+cFE4GrbUZkhdq3zHh08=,yEj7GFxON81t1nDCKBbnbxjiR7w=
-57,-10,P9PrmGs+cFE4GrbUZkhdq3zHh08=,4na+E2ZbOaZKJDpwuFGvZquwS0w=
-53,-16,P9PrmGs+cFE4GrbUZkhdq3zHh08=,1GgFHztxIF5bo+l6pQg5tPXdK9k=
-52,-15,P9PrmGs+cFE4GrbUZkhdq3zHh08=,1GgFHztxIF5bo+l6pQg5tPXdK9k=
-52,-16,P9PrmGs+cFE4GrbUZkhdq3zHh08=,1GgFHztxIF5bo+l6pQg5tPXdK9k=
-64,-11,P9PrmGs+cFE4GrbUZkhdq3zHh08=,4na+E2ZbOaZKJDpwuFGvZquwS0w=
-54,-16,P9PrmGs+cFE4GrbUZkhdq3zHh08=,1GgFHztxIF5bo+l6pQg5tPXdK9k=
-50,-8,P9PrmGs+cFE4GrbUZkhdq3zHh08=,0JPgETanA0zxMEMWatqZJ+/JoZA=
-64,-8,P9PrmGs+cFE4GrbUZkhdq3zHh08=,yEj7GFxON81t1nDCKBbnbxjiR7w=
-63,-9,P9PrmGs+cFE4GrbUZkhdq3zHh08=,4na+E2ZbOaZKJDpwuFGvZquwS0w=
-64,-12,P9PrmGs+cFE4GrbUZkhdq3zHh08=,4na+E2ZbOaZKJDpwuFGvZquwS0w=
-64,-1,P9PrmGs+cFE4GrbUZkhdq3zHh08=,yEj7GFxON81t1nDCKBbnbxjiR7w=
-49,-16,P9PrmGs+cFE4GrbUZkhdq3zHh08=,1GgFHztxIF5bo+l6pQg5tPXdK9k=
-49,-1,P9PrmGs+cFE4GrbUZkhdq3zHh08=,0JPgETanA0zxMEMWatqZJ+/JoZA=
-52,-8,P9PrmGs+cFE4GrbUZkhdq3zHh08=,0JPgETanA0zxMEMWatqZJ+/JoZA=
-51,-8,P9PrmGs+cFE4GrbUZkhdq3zHh08=,0JPgETanA0zxMEMWatqZJ+/JoZA=
-62,-16,P9PrmGs+cFE4GrbUZkhdq3zHh08=,4na+E2ZbOaZKJDpwuFGvZquwS0w=
-58,-16,P9PrmGs+cFE4GrbUZkhdq3zHh08=,4na+E2ZbOaZKJDpwuFGvZquwS0w=
-61,-16,P9PrmGs+cFE4GrbUZkhdq3zHh08=,4na+E2ZbOaZKJDpwuFGvZquwS0w=
-57,-16,P9PrmGs+cFE4GrbUZkhdq3zHh08=,4na+E2ZbOaZKJDpwuFGvZquwS0w=
-59,-16,P9PrmGs+cFE4GrbUZkhdq3zHh08=,4na+E2ZbOaZKJDpwuFGvZquwS0w=
-60,-16,P9PrmGs+cFE4GrbUZkhdq3zHh08=,4na+E2ZbOaZKJDpwuFGvZquwS0w=
-63,-16,P9PrmGs+cFE4GrbUZkhdq3zHh08=,4na+E2ZbOaZKJDpwuFGvZquwS0w=
-64,-16,P9PrmGs+cFE4GrbUZkhdq3zHh08=,4na+E2ZbOaZKJDpwuFGvZquwS0w=
-56,-16,P9PrmGs+cFE4GrbUZkhdq3zHh08=,1GgFHztxIF5bo+l6pQg5tPXdK9k=
