-52,13,B9ycOsiNkr6F1R32BAI6If6t+lg=,7b2az6zCW29ANAcha6TOSPCiCOM=
-51,13,B9ycOsiNkr6F1R32BAI6If6t+lg=,7b2az6zCW29ANAcha6TOSPCiCOM=
-50,13,B9ycOsiNkr6F1R32BAI6If6t+lg=,7b2az6zCW29ANAcha6TOSPCiCOM=
-55,14,B9ycOsiNkr6F1R32BAI6If6t+lg=,7b2az6zCW29ANAcha6TOSPCiCOM=
-54,14,B9ycOsiNkr6F1R32BAI6If6t+lg=,7b2az6zCW29ANAcha6TOSPCiCOM=
-53,14,B9ycOsiNkr6F1R32BAI6If6t+lg=,7b2az6zCW29ANAcha6TOSPCiCOM=
-52,14,B9ycOsiNkr6F1R32BAI6If6t+lg=,7b2az6zCW29ANAcha6TOSPCiCOM=
-53,13,B9ycOsiNkr6F1R32BAI6If6t+lg=,7b2az6zCW29ANAcha6TOSPCiCOM=
-54,13,B9ycOsiNkr6F1R32BAI6If6t+lg=,7b2az6zCW29ANAcha6TOSPCiCOM=
-55,13,B9ycOsiNkr6F1R32BAI6If6t+lg=,7b2az6zCW29ANAcha6TOSPCiCOM=
-50,12,B9ycOsiNkr6F1R32BAI6If6t+lg=,7b2az6zCW29ANAcha6TOSPCiCOM=
-51,12,B9ycOsiNkr6F1R32BAI6If6t+lg=,7b2az6zCW29ANAcha6TOSPCiCOM=
-52,12,B9ycOsiNkr6F1R32BAI6If6t+lg=,7b2az6zCW29ANAcha6TOSPCiCOM=
-56,14,B9ycOsiNkr6F1R32BAI6If6t+lg=,7b2az6zCW29ANAcha6TOSPCiCOM=
-56,9,B9ycOsiNkr6F1R32BAI6If6t+lg=,7b2az6zCW29ANAcha6TOSPCiCOM=
-63,9,B9ycOsiNkr6F1R32BAI6If6t+lg=,uON0DIh/0Zp3i92SRGeGqH1/Bw4=
-62,9,B9ycOsiNkr6F1R32BAI6If6t+lg=,uON0DIh/0Zp3i92SRGeGqH1/Bw4=
-61,9,B9ycOsiNkr6F1R32BAI6If6t+lg=,uON0DIh/0Zp3i92SRGeGqH1/Bw4=
-56,10,Opnzknaj35AjxSMNtR2h74Ar084=,7b2az6zCW29ANAcha6TOSPCiCOM=
-60,9,Opnzknaj35AjxSMNtR2h74Ar084=,uON0DIh/0Zp3i92SRGeGqH1/Bw4=
-59,9,Opnzknaj35AjxSMNtR2h74Ar084=,uON0DIh/0Zp3i92SRGeGqH1/Bw4=
-57,14,Opnzknaj35AjxSMNtR2h74Ar084=,uON0DIh/0Zp3i92SRGeGqH1/Bw4=
-58,9,Opnzknaj35AjxSMNtR2h74Ar084=,uON0DIh/0Zp3i92SRGeGqH1/Bw4=
-57,9,Opnzknaj35AjxSMNtR2h74Ar084=,uON0DIh/0Zp3i92SRGeGqH1/Bw4=
-62,10,Opnzknaj35AjxSMNtR2h74Ar084=,uON0DIh/0Zp3i92SRGeGqH1/Bw4=
-61,10,Opnzknaj35AjxSMNtR2h74Ar084=,uON0DIh/0Zp3i92SRGeGqH1/Bw4=
-60,10,Opnzknaj35AjxSMNtR2h74Ar084=,uON0DIh/0Zp3i92SRGeGqH1/Bw4=
-63,10,Opnzknaj35AjxSMNtR2h74Ar084=,uON0DIh/0Zp3i92SRGeGqH1/Bw4=
-59,10,Opnzknaj35AjxSMNtR2h74Ar084=,uON0DIh/0Zp3i92SRGeGqH1/Bw4=
-58,10,Opnzknaj35AjxSMNtR2h74Ar084=,uON0DIh/0Zp3i92SRGeGqH1/Bw4=
-56,11,Opnzknaj35AjxSMNtR2h74Ar084=,7b2az6zCW29ANAcha6TOSPCiCOM=
-58,14,Opnzknaj35AjxSMNtR2h74Ar084=,uON0DIh/0Zp3i92SRGeGqH1/Bw4=
-63,11,Opnzknaj35AjxSMNtR2h74Ar084=,uON0DIh/0Zp3i92SRGeGqH1/Bw4=
-53,12,Opnzknaj35AjxSMNtR2h74Ar084=,7b2az6zCW29ANAcha6TOSPCiCOM=
-57,10,Opnzknaj35AjxSMNtR2h74Ar084=,uON0DIh/0Zp3i92SRGeGqH1/Bw4=
-54,12,Opnzknaj35AjxSMNtR2h74Ar084=,7b2az6zCW29ANAcha6TOSPCiCOM=
-62,11,Opnzknaj35AjxSMNtR2h74Ar084=,uON0DIh/0Zp3i92SRGeGqH1/Bw4=
-55,12,Opnzknaj35AjxSMNtR2h74Ar084=,7b2az6zCW29ANAcha6TOSPCiCOM=
-50,11,Opnzknaj35AjxSMNtR2h74Ar084=,7b2az6zCW29ANAcha6TOSPCiCOM=
-61,11,Opnzknaj35AjxSMNtR2h74Ar084=,uON0DIh/0Zp3i92SRGeGqH1/Bw4=
-60,11,Opnzknaj35AjxSMNtR2h74Ar084=,uON0DIh/0Zp3i92SRGeGqH1/Bw4=
-59,11,Opnzknaj35AjxSMNtR2h74Ar084=,uON0DIh/0Zp3i92SRGeGqH1/Bw4=
-58,11,Opnzknaj35AjxSMNtR2h74Ar084=,uON0DIh/0Zp3i92SRGeGqH1/Bw4=
-51,11,Opnzknaj35AjxSMNtR2h74Ar084=,7b2az6zCW29ANAcha6TOSPCiCOM=
-57,11,Opnzknaj35AjxSMNtR2h74Ar084=,uON0DIh/0Zp3i92SRGeGqH1/Bw4=
-59,14,Opnzknaj35AjxSMNtR2h74Ar084=,uON0DIh/0Zp3i92SRGeGqH1/Bw4=
-52,11,Opnzknaj35AjxSMNtR2h74Ar084=,7b2az6zCW29ANAcha6TOSPCiCOM=
-60,14,Opnzknaj35AjxSMNtR2h74Ar084=,uON0DIh/0Zp3i92SRGeGqH1/Bw4=
-53,11,Opnzknaj35AjxSMNtR2h74Ar084=,7b2az6zCW29ANAcha6TOSPCiCOM=
-62,14,Opnzknaj35AjxSMNtR2h74Ar084=,uON0DIh/0Zp3i92SRGeGqH1/Bw4=
-63,14,Opnzknaj35AjxSMNtR2h74Ar084=,uON0DIh/0Zp3i92SRGeGqH1/Bw4=
-63,12,Opnzknaj35AjxSMNtR2h74Ar084=,uON0DIh/0Zp3i92SRGeGqH1/Bw4=
-54,11,Opnzknaj35AjxSMNtR2h74Ar084=,7b2az6zCW29ANAcha6TOSPCiCOM=
-57,13,Opnzknaj35AjxSMNtR2h74Ar084=,uON0DIh/0Zp3i92SRGeGqH1/Bw4=
-61,14,Opnzknaj35AjxSMNtR2h74Ar084=,uON0DIh/0Zp3i92SRGeGqH1/Bw4=
-56,13,Opnzknaj35AjxSMNtR2h74Ar084=,7b2az6zCW29ANAcha6TOSPCiCOM=
-58,13,Opnzknaj35AjxSMNtR2h74Ar084=,uON0DIh/0Zp3i92SRGeGqH1/Bw4=
-59,13,Opnzknaj35AjxSMNtR2h74Ar084=,uON0DIh/0Zp3i92SRGeGqH1/Bw4=
-60,13,Opnzknaj35AjxSMNtR2h74Ar084=,uON0DIh/0Zp3i92SRGeGqH1/Bw4=
-61,13,Opnzknaj35AjxSMNtR2h74Ar084=,uON0DIh/0Zp3i92SRGeGqH1/Bw4=
-62,12,Opnzknaj35AjxSMNtR2h74Ar084=,uON0DIh/0Zp3i92SRGeGqH1/Bw4=
-62,13,Opnzknaj35AjxSMNtR2h74Ar084=,uON0DIh/0Zp3i92SRGeGqH1/Bw4=
-55,11,Opnzknaj35AjxSMNtR2h74Ar084=,7b2az6zCW29ANAcha6TOSPCiCOM=
-50,10,Opnzknaj35AjxSMNtR2h74Ar084=,7b2az6zCW29ANAcha6TOSPCiCOM=
-63,13,Opnzknaj35AjxSMNtR2h74Ar084=,uON0DIh/0Zp3i92SRGeGqH1/Bw4=
-52,10,Opnzknaj35AjxSMNtR2h74Ar084=,7b2az6zCW29ANAcha6TOSPCiCOM=
-51,10,Opnzknaj35AjxSMNtR2h74Ar084=,7b2az6zCW29ANAcha6TOSPCiCOM=
-53,10,Opnzknaj35AjxSMNtR2h74Ar084=,7b2az6zCW29ANAcha6TOSPCiCOM=
-61,12,Opnzknaj35AjxSMNtR2h74Ar084=,uON0DIh/0Zp3i92SRGeGqH1/Bw4=
-57,12,Opnzknaj35AjxSMNtR2h74Ar084=,uON0DIh/0Zp3i92SRGeGqH1/Bw4=
-54,10,Opnzknaj35AjxSMNtR2h74Ar084=,7b2az6zCW29ANAcha6TOSPCiCOM=
-56,12,Opnzknaj35AjxSMNtR2h74Ar084=,7b2az6zCW29ANAcha6TOSPCiCOM=
-55,10,Opnzknaj35AjxSMNtR2h74Ar084=,7b2az6zCW29ANAcha6TOSPCiCOM=
-58,12,Opnzknaj35AjxSMNtR2h74Ar084=,uON0DIh/0Zp3i92SRGeGqH1/Bw4=
-60,12,Opnzknaj35AjxSMNtR2h74Ar084=,uON0DIh/0Zp3i92SRGeGqH1/Bw4=
-51,9,Opnzknaj35AjxSMNtR2h74Ar084=,7b2az6zCW29ANAcha6TOSPCiCOM=
-59,12,Opnzknaj35AjxSMNtR2h74Ar084=,uON0DIh/0Zp3i92SRGeGqH1/Bw4=
-50,9,Opnzknaj35AjxSMNtR2h74Ar084=,7b2az6zCW29ANAcha6TOSPCiCOM=
-53,9,Opnzknaj35AjxSMNtR2h74Ar084=,7b2az6zCW29ANAcha6TOSPCiCOM=
-52,9,Opnzknaj35AjxSMNtR2h74Ar084=,7b2az6zCW29ANAcha6TOSPCiCOM=
-54,9,Opnzknaj35AjxSMNtR2h74Ar084=,7b2az6zCW29ANAcha6TOSPCiCOM=
-55,9,Opnzknaj35AjxSMNtR2h74Ar084=,7b2az6zCW29ANAcha6TOSPCiCOM=
-50,14,Opnzknaj35AjxSMNtR2h74Ar084=,7b2az6zCW29ANAcha6TOSPCiCOM=
-51,14,Opnzknaj35AjxSMNtR2h74Ar084=,7b2az6zCW29ANAcha6TOSPCiCOM=
-58,6,Opnzknaj35AjxSMNtR2h74Ar084=,fXMXPBEdhPJKzICo0QhuGPIAAmA=
-60,7,Opnzknaj35AjxSMNtR2h74Ar084=,fXMXPBEdhPJKzICo0QhuGPIAAmA=
-59,7,Opnzknaj35AjxSMNtR2h74Ar084=,fXMXPBEdhPJKzICo0QhuGPIAAmA=
-58,7,Opnzknaj35AjxSMNtR2h74Ar084=,fXMXPBEdhPJKzICo0QhuGPIAAmA=
-61,7,Opnzknaj35AjxSMNtR2h74Ar084=,fXMXPBEdhPJKzICo0QhuGPIAAmA=
-59,6,Opnzknaj35AjxSMNtR2h74Ar084=,fXMXPBEdhPJKzICo0QhuGPIAAmA=
-64,5,Opnzknaj35AjxSMNtR2h74Ar084=,fXMXPBEdhPJKzICo0QhuGPIAAmA=
-63,8,Opnzknaj35AjxSMNtR2h74Ar084=,uON0DIh/0Zp3i92SRGeGqH1/Bw4=
-60,6,Opnzknaj35AjxSMNtR2h74Ar084=,fXMXPBEdhPJKzICo0QhuGPIAAmA=
-61,6,Opnzknaj35AjxSMNtR2h74Ar084=,fXMXPBEdhPJKzICo0QhuGPIAAmA=
-59,5,Opnzknaj35AjxSMNtR2h74Ar084=,fXMXPBEdhPJKzICo0QhuGPIAAmA=
-60,3,Opnzknaj35AjxSMNtR2h74Ar084=,fXMXPBEdhPJKzICo0QhuGPIAAmA=
-60,1,Opnzknaj35AjxSMNtR2h74Ar084=,fXMXPBEdhPJKzICo0QhuGPIAAmA=
-61,3,Opnzknaj35AjxSMNtR2h74Ar084=,fXMXPBEdhPJKzICo0QhuGPIAAmA=
-62,8,Opnzknaj35AjxSMNtR2h74Ar084=,uON0DIh/0Zp3i92SRGeGqH1/Bw4=
-62,6,Opnzknaj35AjxSMNtR2h74Ar084=,fXMXPBEdhPJKzICo0QhuGPIAAmA=
-60,2,Opnzknaj35AjxSMNtR2h74Ar084=,fXMXPBEdhPJKzICo0QhuGPIAAmA=
-61,2,Opnzknaj35AjxSMNtR2h74Ar084=,fXMXPBEdhPJKzICo0QhuGPIAAmA=
-59,2,Opnzknaj35AjxSMNtR2h74Ar084=,fXMXPBEdhPJKzICo0QhuGPIAAmA=
-63,6,Opnzknaj35AjxSMNtR2h74Ar084=,fXMXPBEdhPJKzICo0QhuGPIAAmA=
-61,8,Opnzknaj35AjxSMNtR2h74Ar084=,uON0DIh/0Zp3i92SRGeGqH1/Bw4=
-62,3,Opnzknaj35AjxSMNtR2h74Ar084=,fXMXPBEdhPJKzICo0QhuGPIAAmA=
-64,1,Opnzknaj35AjxSMNtR2h74Ar084=,fXMXPBEdhPJKzICo0QhuGPIAAmA=
-60,5,Opnzknaj35AjxSMNtR2h74Ar084=,fXMXPBEdhPJKzICo0QhuGPIAAmA=
-59,3,Opnzknaj35AjxSMNtR2h74Ar084=,fXMXPBEdhPJKzICo0QhuGPIAAmA=
-63,3,Opnzknaj35AjxSMNtR2h74Ar084=,fXMXPBEdhPJKzICo0QhuGPIAAmA=
-61,5,Opnzknaj35AjxSMNtR2h74Ar084=,fXMXPBEdhPJKzICo0QhuGPIAAmA=
-58,4,Opnzknaj35AjxSMNtR2h74Ar084=,fXMXPBEdhPJKzICo0QhuGPIAAmA=
-63,7,Opnzknaj35AjxSMNtR2h74Ar084=,fXMXPBEdhPJKzICo0QhuGPIAAmA=
-62,7,Opnzknaj35AjxSMNtR2h74Ar084=,fXMXPBEdhPJKzICo0QhuGPIAAmA=
-58,5,Opnzknaj35AjxSMNtR2h74Ar084=,fXMXPBEdhPJKzICo0QhuGPIAAmA=
-64,6,Opnzknaj35AjxSMNtR2h74Ar084=,fXMXPBEdhPJKzICo0QhuGPIAAmA=
-63,1,Opnzknaj35AjxSMNtR2h74Ar084=,fXMXPBEdhPJKzICo0QhuGPIAAmA=
-62,2,Opnzknaj35AjxSMNtR2h74Ar084=,fXMXPBEdhPJKzICo0QhuGPIAAmA=
-63,2,Opnzknaj35AjxSMNtR2h74Ar084=,fXMXPBEdhPJKzICo0QhuGPIAAmA=
-64,3,Opnzknaj35AjxSMNtR2h74Ar084=,fXMXPBEdhPJKzICo0QhuGPIAAmA=
-60,4,Opnzknaj35AjxSMNtR2h74Ar084=,fXMXPBEdhPJKzICo0QhuGPIAAmA=
-61,4,Opnzknaj35AjxSMNtR2h74Ar084=,fXMXPBEdhPJKzICo0QhuGPIAAmA=
-62,5,Opnzknaj35AjxSMNtR2h74Ar084=,fXMXPBEdhPJKzICo0QhuGPIAAmA=
-64,2,Opnzknaj35AjxSMNtR2h74Ar084=,fXMXPBEdhPJKzICo0QhuGPIAAmA=
-59,4,Opnzknaj35AjxSMNtR2h74Ar084=,fXMXPBEdhPJKzICo0QhuGPIAAmA=
-62,1,Opnzknaj35AjxSMNtR2h74Ar084=,fXMXPBEdhPJKzICo0QhuGPIAAmA=
-62,4,Opnzknaj35AjxSMNtR2h74Ar084=,fXMXPBEdhPJKzICo0QhuGPIAAmA=
-63,5,Opnzknaj35AjxSMNtR2h74Ar084=,fXMXPBEdhPJKzICo0QhuGPIAAmA=
-63,4,Opnzknaj35AjxSMNtR2h74Ar084=,fXMXPBEdhPJKzICo0QhuGPIAAmA=
-58,1,Opnzknaj35AjxSMNtR2h74Ar084=,fXMXPBEdhPJKzICo0QhuGPIAAmA=
-64,4,Opnzknaj35AjxSMNtR2h74Ar084=,fXMXPBEdhPJKzICo0QhuGPIAAmA=
-58,8,Opnzknaj35AjxSMNtR2h74Ar084=,uON0DIh/0Zp3i92SRGeGqH1/Bw4=
-59,8,Opnzknaj35AjxSMNtR2h74Ar084=,uON0DIh/0Zp3i92SRGeGqH1/Bw4=
-60,8,Opnzknaj35AjxSMNtR2h74Ar084=,uON0DIh/0Zp3i92SRGeGqH1/Bw4=
-58,2,Opnzknaj35AjxSMNtR2h74Ar084=,fXMXPBEdhPJKzICo0QhuGPIAAmA=
-58,3,Opnzknaj35AjxSMNtR2h74Ar084=,fXMXPBEdhPJKzICo0QhuGPIAAmA=
-59,1,Opnzknaj35AjxSMNtR2h74Ar084=,fXMXPBEdhPJKzICo0QhuGPIAAmA=
-61,1,Opnzknaj35AjxSMNtR2h74Ar084=,fXMXPBEdhPJKzICo0QhuGPIAAmA=
-60,0,Opnzknaj35AjxSMNtR2h74Ar084=,fXMXPBEdhPJKzICo0QhuGPIAAmA=
-62,0,Opnzknaj35AjxSMNtR2h74Ar084=,fXMXPBEdhPJKzICo0QhuGPIAAmA=
-63,0,Opnzknaj35AjxSMNtR2h74Ar084=,fXMXPBEdhPJKzICo0QhuGPIAAmA=
-61,0,Opnzknaj35AjxSMNtR2h74Ar084=,fXMXPBEdhPJKzICo0QhuGPIAAmA=
-58,0,Opnzknaj35AjxSMNtR2h74Ar084=,fXMXPBEdhPJKzICo0QhuGPIAAmA=
-59,0,Opnzknaj35AjxSMNtR2h74Ar084=,fXMXPBEdhPJKzICo0QhuGPIAAmA=
-57,6,Opnzknaj35AjxSMNtR2h74Ar084=,fXMXPBEdhPJKzICo0QhuGPIAAmA=
-53,3,Opnzknaj35AjxSMNtR2h74Ar084=,N3Yzs3ykcZzFwqY++cmohy53feM=
-56,3,Opnzknaj35AjxSMNtR2h74Ar084=,N3Yzs3ykcZzFwqY++cmohy53feM=
-54,3,Opnzknaj35AjxSMNtR2h74Ar084=,N3Yzs3ykcZzFwqY++cmohy53feM=
-55,3,Opnzknaj35AjxSMNtR2h74Ar084=,N3Yzs3ykcZzFwqY++cmohy53feM=
-50,7,Opnzknaj35AjxSMNtR2h74Ar084=,N3Yzs3ykcZzFwqY++cmohy53feM=
-49,2,Opnzknaj35AjxSMNtR2h74Ar084=,N3Yzs3ykcZzFwqY++cmohy53feM=
-51,7,Opnzknaj35AjxSMNtR2h74Ar084=,N3Yzs3ykcZzFwqY++cmohy53feM=
-51,2,Opnzknaj35AjxSMNtR2h74Ar084=,N3Yzs3ykcZzFwqY++cmohy53feM=
-50,2,Opnzknaj35AjxSMNtR2h74Ar084=,N3Yzs3ykcZzFwqY++cmohy53feM=
-52,3,Opnzknaj35AjxSMNtR2h74Ar084=,N3Yzs3ykcZzFwqY++cmohy53feM=
-49,13,Opnzknaj35AjxSMNtR2h74Ar084=,7b2az6zCW29ANAcha6TOSPCiCOM=
-52,7,Opnzknaj35AjxSMNtR2h74Ar084=,N3Yzs3ykcZzFwqY++cmohy53feM=
-49,11,Opnzknaj35AjxSMNtR2h74Ar084=,7b2az6zCW29ANAcha6TOSPCiCOM=
-49,12,Opnzknaj35AjxSMNtR2h74Ar084=,7b2az6zCW29ANAcha6TOSPCiCOM=
-49,7,Opnzknaj35AjxSMNtR2h74Ar084=,N3Yzs3ykcZzFwqY++cmohy53feM=
-52,2,Opnzknaj35AjxSMNtR2h74Ar084=,N3Yzs3ykcZzFwqY++cmohy53feM=
-53,2,Opnzknaj35AjxSMNtR2h74Ar084=,N3Yzs3ykcZzFwqY++cmohy53feM=
-49,10,Opnzknaj35AjxSMNtR2h74Ar084=,7b2az6zCW29ANAcha6TOSPCiCOM=
-49,9,Opnzknaj35AjxSMNtR2h74Ar084=,7b2az6zCW29ANAcha6TOSPCiCOM=
-51,3,Opnzknaj35AjxSMNtR2h74Ar084=,N3Yzs3ykcZzFwqY++cmohy53feM=
-53,7,Opnzknaj35AjxSMNtR2h74Ar084=,N3Yzs3ykcZzFwqY++cmohy53feM=
-49,8,Opnzknaj35AjxSMNtR2h74Ar084=,7b2az6zCW29ANAcha6TOSPCiCOM=
-49,14,Opnzknaj35AjxSMNtR2h74Ar084=,7b2az6zCW29ANAcha6TOSPCiCOM=
-54,2,Opnzknaj35AjxSMNtR2h74Ar084=,N3Yzs3ykcZzFwqY++cmohy53feM=
-54,7,Opnzknaj35AjxSMNtR2h74Ar084=,N3Yzs3ykcZzFwqY++cmohy53feM=
-55,2,Opnzknaj35AjxSMNtR2h74Ar084=,N3Yzs3ykcZzFwqY++cmohy53feM=
-55,7,Opnzknaj35AjxSMNtR2h74Ar084=,N3Yzs3ykcZzFwqY++cmohy53feM=
-56,2,Opnzknaj35AjxSMNtR2h74Ar084=,N3Yzs3ykcZzFwqY++cmohy53feM=
-57,4,Opnzknaj35AjxSMNtR2h74Ar084=,fXMXPBEdhPJKzICo0QhuGPIAAmA=
-57,7,Opnzknaj35AjxSMNtR2h74Ar084=,fXMXPBEdhPJKzICo0QhuGPIAAmA=
-49,6,Opnzknaj35AjxSMNtR2h74Ar084=,N3Yzs3ykcZzFwqY++cmohy53feM=
-56,7,Opnzknaj35AjxSMNtR2h74Ar084=,N3Yzs3ykcZzFwqY++cmohy53feM=
-49,1,Opnzknaj35AjxSMNtR2h74Ar084=,N3Yzs3ykcZzFwqY++cmohy53feM=
-50,1,Opnzknaj35AjxSMNtR2h74Ar084=,N3Yzs3ykcZzFwqY++cmohy53feM=
-51,1,Opnzknaj35AjxSMNtR2h74Ar084=,N3Yzs3ykcZzFwqY++cmohy53feM=
-50,6,Opnzknaj35AjxSMNtR2h74Ar084=,N3Yzs3ykcZzFwqY++cmohy53feM=
-52,1,Opnzknaj35AjxSMNtR2h74Ar084=,N3Yzs3ykcZzFwqY++cmohy53feM=
-53,1,Opnzknaj35AjxSMNtR2h74Ar084=,N3Yzs3ykcZzFwqY++cmohy53feM=
-50,3,Opnzknaj35AjxSMNtR2h74Ar084=,N3Yzs3ykcZzFwqY++cmohy53feM=
-55,1,Opnzknaj35AjxSMNtR2h74Ar084=,N3Yzs3ykcZzFwqY++cmohy53feM=
-51,6,Opnzknaj35AjxSMNtR2h74Ar084=,N3Yzs3ykcZzFwqY++cmohy53feM=
-56,1,Opnzknaj35AjxSMNtR2h74Ar084=,N3Yzs3ykcZzFwqY++cmohy53feM=
-52,6,Opnzknaj35AjxSMNtR2h74Ar084=,N3Yzs3ykcZzFwqY++cmohy53feM=
-57,5,Opnzknaj35AjxSMNtR2h74Ar084=,fXMXPBEdhPJKzICo0QhuGPIAAmA=
-49,0,Opnzknaj35AjxSMNtR2h74Ar084=,N3Yzs3ykcZzFwqY++cmohy53feM=
-50,0,Opnzknaj35AjxSMNtR2h74Ar084=,N3Yzs3ykcZzFwqY++cmohy53feM=
-54,1,Opnzknaj35AjxSMNtR2h74Ar084=,N3Yzs3ykcZzFwqY++cmohy53feM=
-49,3,Opnzknaj35AjxSMNtR2h74Ar084=,N3Yzs3ykcZzFwqY++cmohy53feM=
-53,6,Opnzknaj35AjxSMNtR2h74Ar084=,N3Yzs3ykcZzFwqY++cmohy53feM=
-51,0,Opnzknaj35AjxSMNtR2h74Ar084=,N3Yzs3ykcZzFwqY++cmohy53feM=
-54,6,Opnzknaj35AjxSMNtR2h74Ar084=,N3Yzs3ykcZzFwqY++cmohy53feM=
-53,0,Opnzknaj35AjxSMNtR2h74Ar084=,N3Yzs3ykcZzFwqY++cmohy53feM=
-52,0,Opnzknaj35AjxSMNtR2h74Ar084=,N3Yzs3ykcZzFwqY++cmohy53feM=
-55,6,Opnzknaj35AjxSMNtR2h74Ar084=,N3Yzs3ykcZzFwqY++cmohy53feM=
-56,6,Opnzknaj35AjxSMNtR2h74Ar084=,N3Yzs3ykcZzFwqY++cmohy53feM=
-55,0,Opnzknaj35AjxSMNtR2h74Ar084=,N3Yzs3ykcZzFwqY++cmohy53feM=
-56,0,Opnzknaj35AjxSMNtR2h74Ar084=,N3Yzs3ykcZzFwqY++cmohy53feM=
-50,5,Opnzknaj35AjxSMNtR2h74Ar084=,N3Yzs3ykcZzFwqY++cmohy53feM=
-51,5,Opnzknaj35AjxSMNtR2h74Ar084=,N3Yzs3ykcZzFwqY++cmohy53feM=
-49,5,Opnzknaj35AjxSMNtR2h74Ar084=,N3Yzs3ykcZzFwqY++cmohy53feM=
-56,4,Opnzknaj35AjxSMNtR2h74Ar084=,N3Yzs3ykcZzFwqY++cmohy53feM=
-50,15,Opnzknaj35AjxSMNtR2h74Ar084=,7b2az6zCW29ANAcha6TOSPCiCOM=
-51,15,Opnzknaj35AjxSMNtR2h74Ar084=,7b2az6zCW29ANAcha6TOSPCiCOM=
-52,15,Opnzknaj35AjxSMNtR2h74Ar084=,7b2az6zCW29ANAcha6TOSPCiCOM=
-55,15,Opnzknaj35AjxSMNtR2h74Ar084=,7b2az6zCW29ANAcha6TOSPCiCOM=
-54,15,Opnzknaj35AjxSMNtR2h74Ar084=,7b2az6zCW29ANAcha6TOSPCiCOM=
-52,5,Opnzknaj35AjxSMNtR2h74Ar084=,N3Yzs3ykcZzFwqY++cmohy53feM=
-57,1,Opnzknaj35AjxSMNtR2h74Ar084=,fXMXPBEdhPJKzICo0QhuGPIAAmA=
-53,15,Opnzknaj35AjxSMNtR2h74Ar084=,7b2az6zCW29ANAcha6TOSPCiCOM=
-55,4,Opnzknaj35AjxSMNtR2h74Ar084=,N3Yzs3ykcZzFwqY++cmohy53feM=
-53,5,Opnzknaj35AjxSMNtR2h74Ar084=,N3Yzs3ykcZzFwqY++cmohy53feM=
-54,0,Opnzknaj35AjxSMNtR2h74Ar084=,N3Yzs3ykcZzFwqY++cmohy53feM=
-50,8,Opnzknaj35AjxSMNtR2h74Ar084=,7b2az6zCW29ANAcha6TOSPCiCOM=
-57,2,Opnzknaj35AjxSMNtR2h74Ar084=,fXMXPBEdhPJKzICo0QhuGPIAAmA=
-51,8,Opnzknaj35AjxSMNtR2h74Ar084=,7b2az6zCW29ANAcha6TOSPCiCOM=
-57,8,Opnzknaj35AjxSMNtR2h74Ar084=,uON0DIh/0Zp3i92SRGeGqH1/Bw4=
-54,5,Opnzknaj35AjxSMNtR2h74Ar084=,N3Yzs3ykcZzFwqY++cmohy53feM=
-57,3,Opnzknaj35AjxSMNtR2h74Ar084=,fXMXPBEdhPJKzICo0QhuGPIAAmA=
-52,8,Opnzknaj35AjxSMNtR2h74Ar084=,7b2az6zCW29ANAcha6TOSPCiCOM=
-53,8,Opnzknaj35AjxSMNtR2h74Ar084=,7b2az6zCW29ANAcha6TOSPCiCOM=
-54,4,Opnzknaj35AjxSMNtR2h74Ar084=,N3Yzs3ykcZzFwqY++cmohy53feM=
-55,5,Opnzknaj35AjxSMNtR2h74Ar084=,N3Yzs3ykcZzFwqY++cmohy53feM=
-55,8,Opnzknaj35AjxSMNtR2h74Ar084=,7b2az6zCW29ANAcha6TOSPCiCOM=
-54,8,Opnzknaj35AjxSMNtR2h74Ar084=,7b2az6zCW29ANAcha6TOSPCiCOM=
-56,8,Opnzknaj35AjxSMNtR2h74Ar084=,7b2az6zCW29ANAcha6TOSPCiCOM=
-56,5,Opnzknaj35AjxSMNtR2h74Ar084=,N3Yzs3ykcZzFwqY++cmohy53feM=
-57,0,Opnzknaj35AjxSMNtR2h74Ar084=,fXMXPBEdhPJKzICo0QhuGPIAAmA=
-50,4,Opnzknaj35AjxSMNtR2h74Ar084=,N3Yzs3ykcZzFwqY++cmohy53feM=
-51,4,Opnzknaj35AjxSMNtR2h74Ar084=,N3Yzs3ykcZzFwqY++cmohy53feM=
-49,4,Opnzknaj35AjxSMNtR2h74Ar084=,N3Yzs3ykcZzFwqY++cmohy53feM=
-52,4,Opnzknaj35AjxSMNtR2h74Ar084=,N3Yzs3ykcZzFwqY++cmohy53feM=
-53,4,Opnzknaj35AjxSMNtR2h74Ar084=,N3Yzs3ykcZzFwqY++cmohy53feM=
-49,15,Opnzknaj35AjxSMNtR2h74Ar084=,7b2az6zCW29ANAcha6TOSPCiCOM=
-64,7,Opnzknaj35AjxSMNtR2h74Ar084=,fXMXPBEdhPJKzICo0QhuGPIAAmA=
-64,14,Opnzknaj35AjxSMNtR2h74Ar084=,uON0DIh/0Zp3i92SRGeGqH1/Bw4=
-64,0,Opnzknaj35AjxSMNtR2h74Ar084=,fXMXPBEdhPJKzICo0QhuGPIAAmA=
-64,11,Opnzknaj35AjxSMNtR2h74Ar084=,uON0DIh/0Zp3i92SRGeGqH1/Bw4=
-64,12,Opnzknaj35AjxSMNtR2h74Ar084=,uON0DIh/0Zp3i92SRGeGqH1/Bw4=
-64,13,Opnzknaj35AjxSMNtR2h74Ar084=,uON0DIh/0Zp3i92SRGeGqH1/Bw4=
-64,10,Opnzknaj35AjxSMNtR2h74Ar084=,uON0DIh/0Zp3i92SRGeGqH1/Bw4=
-64,9,Opnzknaj35AjxSMNtR2h74Ar084=,uON0DIh/0Zp3i92SRGeGqH1/Bw4=
-64,8,Opnzknaj35AjxSMNtR2h74Ar084=,uON0DIh/0Zp3i92SRGeGqH1/Bw4=
-61,15,Opnzknaj35AjxSMNtR2h74Ar084=,uON0DIh/0Zp3i92SRGeGqH1/Bw4=
-60,15,Opnzknaj35AjxSMNtR2h74Ar084=,uON0DIh/0Zp3i92SRGeGqH1/Bw4=
-62,15,Opnzknaj35AjxSMNtR2h74Ar084=,uON0DIh/0Zp3i92SRGeGqH1/Bw4=
-63,15,Opnzknaj35AjxSMNtR2h74Ar084=,uON0DIh/0Zp3i92SRGeGqH1/Bw4=
-56,15,Opnzknaj35AjxSMNtR2h74Ar084=,7b2az6zCW29ANAcha6TOSPCiCOM=
-64,15,Opnzknaj35AjxSMNtR2h74Ar084=,uON0DIh/0Zp3i92SRGeGqH1/Bw4=
-58,15,Opnzknaj35AjxSMNtR2h74Ar084=,uON0DIh/0Zp3i92SRGeGqH1/Bw4=
-59,15,Opnzknaj35AjxSMNtR2h74Ar084=,uON0DIh/0Zp3i92SRGeGqH1/Bw4=
-57,15,Opnzknaj35AjxSMNtR2h74Ar084=,uON0DIh/0Zp3i92SRGeGqH1/Bw4=
-52,29,0ebbGb/Qz+Mmr9VMAo2xtltgb6E=,PdSfYF5qKvyAZBoPOL3WEOCaCRQ=
-53,29,0ebbGb/Qz+Mmr9VMAo2xtltgb6E=,PdSfYF5qKvyAZBoPOL3WEOCaCRQ=
-54,29,0ebbGb/Qz+Mmr9VMAo2xtltgb6E=,PdSfYF5qKvyAZBoPOL3WEOCaCRQ=
-55,29,0ebbGb/Qz+Mmr9VMAo2xtltgb6E=,PdSfYF5qKvyAZBoPOL3WEOCaCRQ=
-51,28,0ebbGb/Qz+Mmr9VMAo2xtltgb6E=,PdSfYF5qKvyAZBoPOL3WEOCaCRQ=
-52,28,0ebbGb/Qz+Mmr9VMAo2xtltgb6E=,PdSfYF5qKvyAZBoPOL3WEOCaCRQ=
-50,28,0ebbGb/Qz+Mmr9VMAo2xtltgb6E=,PdSfYF5qKvyAZBoPOL3WEOCaCRQ=
-53,28,0ebbGb/Qz+Mmr9VMAo2xtltgb6E=,PdSfYF5qKvyAZBoPOL3WEOCaCRQ=
-55,28,0ebbGb/Qz+Mmr9VMAo2xtltgb6E=,PdSfYF5qKvyAZBoPOL3WEOCaCRQ=
-54,28,0ebbGb/Qz+Mmr9VMAo2xtltgb6E=,PdSfYF5qKvyAZBoPOL3WEOCaCRQ=
-50,27,0ebbGb/Qz+Mmr9VMAo2xtltgb6E=,PdSfYF5qKvyAZBoPOL3WEOCaCRQ=
-51,27,0ebbGb/Qz+Mmr9VMAo2xtltgb6E=,PdSfYF5qKvyAZBoPOL3WEOCaCRQ=
-52,27,0ebbGb/Qz+Mmr9VMAo2xtltgb6E=,PdSfYF5qKvyAZBoPOL3WEOCaCRQ=
-54,27,0ebbGb/Qz+Mmr9VMAo2xtltgb6E=,PdSfYF5qKvyAZBoPOL3WEOCaCRQ=
-55,27,0ebbGb/Qz+Mmr9VMAo2xtltgb6E=,PdSfYF5qKvyAZBoPOL3WEOCaCRQ=
-53,27,0ebbGb/Qz+Mmr9VMAo2xtltgb6E=,PdSfYF5qKvyAZBoPOL3WEOCaCRQ=
-51,26,0ebbGb/Qz+Mmr9VMAo2xtltgb6E=,PdSfYF5qKvyAZBoPOL3WEOCaCRQ=
-50,26,0ebbGb/Qz+Mmr9VMAo2xtltgb6E=,PdSfYF5qKvyAZBoPOL3WEOCaCRQ=
-53,26,0ebbGb/Qz+Mmr9VMAo2xtltgb6E=,PdSfYF5qKvyAZBoPOL3WEOCaCRQ=
-54,26,0ebbGb/Qz+Mmr9VMAo2xtltgb6E=,PdSfYF5qKvyAZBoPOL3WEOCaCRQ=
-52,26,0ebbGb/Qz+Mmr9VMAo2xtltgb6E=,PdSfYF5qKvyAZBoPOL3WEOCaCRQ=
-55,26,0ebbGb/Qz+Mmr9VMAo2xtltgb6E=,PdSfYF5qKvyAZBoPOL3WEOCaCRQ=
-50,25,0ebbGb/Qz+Mmr9VMAo2xtltgb6E=,PdSfYF5qKvyAZBoPOL3WEOCaCRQ=
-51,25,0ebbGb/Qz+Mmr9VMAo2xtltgb6E=,PdSfYF5qKvyAZBoPOL3WEOCaCRQ=
-50,30,0ebbGb/Qz+Mmr9VMAo2xtltgb6E=,PdSfYF5qKvyAZBoPOL3WEOCaCRQ=
-51,30,0ebbGb/Qz+Mmr9VMAo2xtltgb6E=,PdSfYF5qKvyAZBoPOL3WEOCaCRQ=
-53,25,0ebbGb/Qz+Mmr9VMAo2xtltgb6E=,PdSfYF5qKvyAZBoPOL3WEOCaCRQ=
-54,25,0ebbGb/Qz+Mmr9VMAo2xtltgb6E=,PdSfYF5qKvyAZBoPOL3WEOCaCRQ=
-55,25,0ebbGb/Qz+Mmr9VMAo2xtltgb6E=,PdSfYF5qKvyAZBoPOL3WEOCaCRQ=
-52,25,0ebbGb/Qz+Mmr9VMAo2xtltgb6E=,PdSfYF5qKvyAZBoPOL3WEOCaCRQ=
-53,30,0ebbGb/Qz+Mmr9VMAo2xtltgb6E=,PdSfYF5qKvyAZBoPOL3WEOCaCRQ=
-54,30,0ebbGb/Qz+Mmr9VMAo2xtltgb6E=,PdSfYF5qKvyAZBoPOL3WEOCaCRQ=
-52,30,0ebbGb/Qz+Mmr9VMAo2xtltgb6E=,PdSfYF5qKvyAZBoPOL3WEOCaCRQ=
-50,29,0ebbGb/Qz+Mmr9VMAo2xtltgb6E=,PdSfYF5qKvyAZBoPOL3WEOCaCRQ=
-55,30,0ebbGb/Qz+Mmr9VMAo2xtltgb6E=,PdSfYF5qKvyAZBoPOL3WEOCaCRQ=
-51,29,0ebbGb/Qz+Mmr9VMAo2xtltgb6E=,PdSfYF5qKvyAZBoPOL3WEOCaCRQ=
-60,31,0ebbGb/Qz+Mmr9VMAo2xtltgb6E=,qUNN+fK6PbpKSIBOLtrXBCJuc08=
-61,31,0ebbGb/Qz+Mmr9VMAo2xtltgb6E=,qUNN+fK6PbpKSIBOLtrXBCJuc08=
-59,31,0ebbGb/Qz+Mmr9VMAo2xtltgb6E=,qUNN+fK6PbpKSIBOLtrXBCJuc08=
-62,31,0ebbGb/Qz+Mmr9VMAo2xtltgb6E=,qUNN+fK6PbpKSIBOLtrXBCJuc08=
-56,30,0ebbGb/Qz+Mmr9VMAo2xtltgb6E=,PdSfYF5qKvyAZBoPOL3WEOCaCRQ=
-58,31,0ebbGb/Qz+Mmr9VMAo2xtltgb6E=,qUNN+fK6PbpKSIBOLtrXBCJuc08=
-64,25,0ebbGb/Qz+Mmr9VMAo2xtltgb6E=,qUNN+fK6PbpKSIBOLtrXBCJuc08=
-63,25,0ebbGb/Qz+Mmr9VMAo2xtltgb6E=,qUNN+fK6PbpKSIBOLtrXBCJuc08=
-62,25,0ebbGb/Qz+Mmr9VMAo2xtltgb6E=,qUNN+fK6PbpKSIBOLtrXBCJuc08=
-61,25,0ebbGb/Qz+Mmr9VMAo2xtltgb6E=,qUNN+fK6PbpKSIBOLtrXBCJuc08=
-60,25,0ebbGb/Qz+Mmr9VMAo2xtltgb6E=,qUNN+fK6PbpKSIBOLtrXBCJuc08=
-59,25,0ebbGb/Qz+Mmr9VMAo2xtltgb6E=,qUNN+fK6PbpKSIBOLtrXBCJuc08=
-58,25,0ebbGb/Qz+Mmr9VMAo2xtltgb6E=,qUNN+fK6PbpKSIBOLtrXBCJuc08=
-57,25,0ebbGb/Qz+Mmr9VMAo2xtltgb6E=,qUNN+fK6PbpKSIBOLtrXBCJuc08=
-64,26,0ebbGb/Qz+Mmr9VMAo2xtltgb6E=,qUNN+fK6PbpKSIBOLtrXBCJuc08=
-62,26,0ebbGb/Qz+Mmr9VMAo2xtltgb6E=,qUNN+fK6PbpKSIBOLtrXBCJuc08=
-63,26,0ebbGb/Qz+Mmr9VMAo2xtltgb6E=,qUNN+fK6PbpKSIBOLtrXBCJuc08=
-61,26,0ebbGb/Qz+Mmr9VMAo2xtltgb6E=,qUNN+fK6PbpKSIBOLtrXBCJuc08=
-56,25,0ebbGb/Qz+Mmr9VMAo2xtltgb6E=,PdSfYF5qKvyAZBoPOL3WEOCaCRQ=
-60,26,0ebbGb/Qz+Mmr9VMAo2xtltgb6E=,qUNN+fK6PbpKSIBOLtrXBCJuc08=
-59,26,0ebbGb/Qz+Mmr9VMAo2xtltgb6E=,qUNN+fK6PbpKSIBOLtrXBCJuc08=
-58,26,0ebbGb/Qz+Mmr9VMAo2xtltgb6E=,qUNN+fK6PbpKSIBOLtrXBCJuc08=
-57,26,0ebbGb/Qz+Mmr9VMAo2xtltgb6E=,qUNN+fK6PbpKSIBOLtrXBCJuc08=
-56,26,0ebbGb/Qz+Mmr9VMAo2xtltgb6E=,PdSfYF5qKvyAZBoPOL3WEOCaCRQ=
-63,27,0ebbGb/Qz+Mmr9VMAo2xtltgb6E=,qUNN+fK6PbpKSIBOLtrXBCJuc08=
-62,27,0ebbGb/Qz+Mmr9VMAo2xtltgb6E=,qUNN+fK6PbpKSIBOLtrXBCJuc08=
-56,27,0ebbGb/Qz+Mmr9VMAo2xtltgb6E=,PdSfYF5qKvyAZBoPOL3WEOCaCRQ=
-60,27,0ebbGb/Qz+Mmr9VMAo2xtltgb6E=,qUNN+fK6PbpKSIBOLtrXBCJuc08=
-61,27,0ebbGb/Qz+Mmr9VMAo2xtltgb6E=,qUNN+fK6PbpKSIBOLtrXBCJuc08=
-59,27,0ebbGb/Qz+Mmr9VMAo2xtltgb6E=,qUNN+fK6PbpKSIBOLtrXBCJuc08=
-64,27,0ebbGb/Qz+Mmr9VMAo2xtltgb6E=,qUNN+fK6PbpKSIBOLtrXBCJuc08=
-58,27,0ebbGb/Qz+Mmr9VMAo2xtltgb6E=,qUNN+fK6PbpKSIBOLtrXBCJuc08=
-56,28,0ebbGb/Qz+Mmr9VMAo2xtltgb6E=,PdSfYF5qKvyAZBoPOL3WEOCaCRQ=
-57,27,0ebbGb/Qz+Mmr9VMAo2xtltgb6E=,qUNN+fK6PbpKSIBOLtrXBCJuc08=
-64,28,0ebbGb/Qz+Mmr9VMAo2xtltgb6E=,qUNN+fK6PbpKSIBOLtrXBCJuc08=
-63,28,0ebbGb/Qz+Mmr9VMAo2xtltgb6E=,qUNN+fK6PbpKSIBOLtrXBCJuc08=
-61,28,0ebbGb/Qz+Mmr9VMAo2xtltgb6E=,qUNN+fK6PbpKSIBOLtrXBCJuc08=
-62,28,0ebbGb/Qz+Mmr9VMAo2xtltgb6E=,qUNN+fK6PbpKSIBOLtrXBCJuc08=
-60,28,0ebbGb/Qz+Mmr9VMAo2xtltgb6E=,qUNN+fK6PbpKSIBOLtrXBCJuc08=
-58,28,0ebbGb/Qz+Mmr9VMAo2xtltgb6E=,qUNN+fK6PbpKSIBOLtrXBCJuc08=
-57,28,0ebbGb/Qz+Mmr9VMAo2xtltgb6E=,qUNN+fK6PbpKSIBOLtrXBCJuc08=
-59,28,0ebbGb/Qz+Mmr9VMAo2xtltgb6E=,qUNN+fK6PbpKSIBOLtrXBCJuc08=
-64,29,0ebbGb/Qz+Mmr9VMAo2xtltgb6E=,qUNN+fK6PbpKSIBOLtrXBCJuc08=
-56,29,0ebbGb/Qz+Mmr9VMAo2xtltgb6E=,PdSfYF5qKvyAZBoPOL3WEOCaCRQ=
-63,29,0ebbGb/Qz+Mmr9VMAo2xtltgb6E=,qUNN+fK6PbpKSIBOLtrXBCJuc08=
-62,29,0ebbGb/Qz+Mmr9VMAo2xtltgb6E=,qUNN+fK6PbpKSIBOLtrXBCJuc08=
-61,29,0ebbGb/Qz+Mmr9VMAo2xtltgb6E=,qUNN+fK6PbpKSIBOLtrXBCJuc08=
-60,29,0ebbGb/Qz+Mmr9VMAo2xtltgb6E=,qUNN+fK6PbpKSIBOLtrXBCJuc08=
-59,29,0ebbGb/Qz+Mmr9VMAo2xtltgb6E=,qUNN+fK6PbpKSIBOLtrXBCJuc08=
-58,29,0ebbGb/Qz+Mmr9VMAo2xtltgb6E=,qUNN+fK6PbpKSIBOLtrXBCJuc08=
-57,29,0ebbGb/Qz+Mmr9VMAo2xtltgb6E=,qUNN+fK6PbpKSIBOLtrXBCJuc08=
-64,30,0ebbGb/Qz+Mmr9VMAo2xtltgb6E=,qUNN+fK6PbpKSIBOLtrXBCJuc08=
-63,30,0ebbGb/Qz+Mmr9VMAo2xtltgb6E=,qUNN+fK6PbpKSIBOLtrXBCJuc08=
-62,30,0ebbGb/Qz+Mmr9VMAo2xtltgb6E=,qUNN+fK6PbpKSIBOLtrXBCJuc08=
-61,30,0ebbGb/Qz+Mmr9VMAo2xtltgb6E=,qUNN+fK6PbpKSIBOLtrXBCJuc08=
-60,30,0ebbGb/Qz+Mmr9VMAo2xtltgb6E=,qUNN+fK6PbpKSIBOLtrXBCJuc08=
-59,30,0ebbGb/Qz+Mmr9VMAo2xtltgb6E=,qUNN+fK6PbpKSIBOLtrXBCJuc08=
-58,30,0ebbGb/Qz+Mmr9VMAo2xtltgb6E=,qUNN+fK6PbpKSIBOLtrXBCJuc08=
-57,30,0ebbGb/Qz+Mmr9VMAo2xtltgb6E=,qUNN+fK6PbpKSIBOLtrXBCJuc08=
-63,31,0ebbGb/Qz+Mmr9VMAo2xtltgb6E=,qUNN+fK6PbpKSIBOLtrXBCJuc08=
-49,29,0ebbGb/Qz+Mmr9VMAo2xtltgb6E=,PdSfYF5qKvyAZBoPOL3WEOCaCRQ=
-49,25,0ebbGb/Qz+Mmr9VMAo2xtltgb6E=,PdSfYF5qKvyAZBoPOL3WEOCaCRQ=
-49,30,0ebbGb/Qz+Mmr9VMAo2xtltgb6E=,PdSfYF5qKvyAZBoPOL3WEOCaCRQ=
-49,26,0ebbGb/Qz+Mmr9VMAo2xtltgb6E=,PdSfYF5qKvyAZBoPOL3WEOCaCRQ=
-49,27,0ebbGb/Qz+Mmr9VMAo2xtltgb6E=,PdSfYF5qKvyAZBoPOL3WEOCaCRQ=
-49,28,0ebbGb/Qz+Mmr9VMAo2xtltgb6E=,PdSfYF5qKvyAZBoPOL3WEOCaCRQ=
-57,31,0ebbGb/Qz+Mmr9VMAo2xtltgb6E=,qUNN+fK6PbpKSIBOLtrXBCJuc08=
-49,31,0ebbGb/Qz+Mmr9VMAo2xtltgb6E=,PdSfYF5qKvyAZBoPOL3WEOCaCRQ=
-56,31,0ebbGb/Qz+Mmr9VMAo2xtltgb6E=,PdSfYF5qKvyAZBoPOL3WEOCaCRQ=
-50,31,0ebbGb/Qz+Mmr9VMAo2xtltgb6E=,PdSfYF5qKvyAZBoPOL3WEOCaCRQ=
-51,31,0ebbGb/Qz+Mmr9VMAo2xtltgb6E=,PdSfYF5qKvyAZBoPOL3WEOCaCRQ=
-55,31,0ebbGb/Qz+Mmr9VMAo2xtltgb6E=,PdSfYF5qKvyAZBoPOL3WEOCaCRQ=
-54,31,0ebbGb/Qz+Mmr9VMAo2xtltgb6E=,PdSfYF5qKvyAZBoPOL3WEOCaCRQ=
-53,31,0ebbGb/Qz+Mmr9VMAo2xtltgb6E=,PdSfYF5qKvyAZBoPOL3WEOCaCRQ=
-64,31,0ebbGb/Qz+Mmr9VMAo2xtltgb6E=,qUNN+fK6PbpKSIBOLtrXBCJuc08=
-52,31,0ebbGb/Qz+Mmr9VMAo2xtltgb6E=,PdSfYF5qKvyAZBoPOL3WEOCaCRQ=
-52,19,0ebbGb/Qz+Mmr9VMAo2xtltgb6E=,/YNPcBsGUTghTYVvxeHYy2ot1X4=
-53,19,0ebbGb/Qz+Mmr9VMAo2xtltgb6E=,/YNPcBsGUTghTYVvxeHYy2ot1X4=
-49,23,0ebbGb/Qz+Mmr9VMAo2xtltgb6E=,/YNPcBsGUTghTYVvxeHYy2ot1X4=
-51,19,0ebbGb/Qz+Mmr9VMAo2xtltgb6E=,/YNPcBsGUTghTYVvxeHYy2ot1X4=
-50,23,0ebbGb/Qz+Mmr9VMAo2xtltgb6E=,/YNPcBsGUTghTYVvxeHYy2ot1X4=
-50,19,0ebbGb/Qz+Mmr9VMAo2xtltgb6E=,/YNPcBsGUTghTYVvxeHYy2ot1X4=
-52,23,0ebbGb/Qz+Mmr9VMAo2xtltgb6E=,/YNPcBsGUTghTYVvxeHYy2ot1X4=
-51,23,0ebbGb/Qz+Mmr9VMAo2xtltgb6E=,/YNPcBsGUTghTYVvxeHYy2ot1X4=
-53,23,0ebbGb/Qz+Mmr9VMAo2xtltgb6E=,/YNPcBsGUTghTYVvxeHYy2ot1X4=
-55,23,0ebbGb/Qz+Mmr9VMAo2xtltgb6E=,/YNPcBsGUTghTYVvxeHYy2ot1X4=
-54,23,0ebbGb/Qz+Mmr9VMAo2xtltgb6E=,/YNPcBsGUTghTYVvxeHYy2ot1X4=
-49,19,0ebbGb/Qz+Mmr9VMAo2xtltgb6E=,/YNPcBsGUTghTYVvxeHYy2ot1X4=
-54,19,0ebbGb/Qz+Mmr9VMAo2xtltgb6E=,/YNPcBsGUTghTYVvxeHYy2ot1X4=
-49,22,0ebbGb/Qz+Mmr9VMAo2xtltgb6E=,/YNPcBsGUTghTYVvxeHYy2ot1X4=
-55,19,0ebbGb/Qz+Mmr9VMAo2xtltgb6E=,/YNPcBsGUTghTYVvxeHYy2ot1X4=
-49,18,0ebbGb/Qz+Mmr9VMAo2xtltgb6E=,/YNPcBsGUTghTYVvxeHYy2ot1X4=
-50,18,0ebbGb/Qz+Mmr9VMAo2xtltgb6E=,/YNPcBsGUTghTYVvxeHYy2ot1X4=
-51,18,0ebbGb/Qz+Mmr9VMAo2xtltgb6E=,/YNPcBsGUTghTYVvxeHYy2ot1X4=
-50,22,0ebbGb/Qz+Mmr9VMAo2xtltgb6E=,/YNPcBsGUTghTYVvxeHYy2ot1X4=
-51,22,0ebbGb/Qz+Mmr9VMAo2xtltgb6E=,/YNPcBsGUTghTYVvxeHYy2ot1X4=
-52,22,0ebbGb/Qz+Mmr9VMAo2xtltgb6E=,/YNPcBsGUTghTYVvxeHYy2ot1X4=
-53,22,0ebbGb/Qz+Mmr9VMAo2xtltgb6E=,/YNPcBsGUTghTYVvxeHYy2ot1X4=
-52,18,0ebbGb/Qz+Mmr9VMAo2xtltgb6E=,/YNPcBsGUTghTYVvxeHYy2ot1X4=
-53,18,0ebbGb/Qz+Mmr9VMAo2xtltgb6E=,/YNPcBsGUTghTYVvxeHYy2ot1X4=
-54,18,0ebbGb/Qz+Mmr9VMAo2xtltgb6E=,/YNPcBsGUTghTYVvxeHYy2ot1X4=
-49,17,0ebbGb/Qz+Mmr9VMAo2xtltgb6E=,/YNPcBsGUTghTYVvxeHYy2ot1X4=
-55,18,0ebbGb/Qz+Mmr9VMAo2xtltgb6E=,/YNPcBsGUTghTYVvxeHYy2ot1X4=
-50,17,0ebbGb/Qz+Mmr9VMAo2xtltgb6E=,/YNPcBsGUTghTYVvxeHYy2ot1X4=
-51,17,0ebbGb/Qz+Mmr9VMAo2xtltgb6E=,/YNPcBsGUTghTYVvxeHYy2ot1X4=
-54,22,0ebbGb/Qz+Mmr9VMAo2xtltgb6E=,/YNPcBsGUTghTYVvxeHYy2ot1X4=
-52,17,0ebbGb/Qz+Mmr9VMAo2xtltgb6E=,/YNPcBsGUTghTYVvxeHYy2ot1X4=
-53,17,0ebbGb/Qz+Mmr9VMAo2xtltgb6E=,/YNPcBsGUTghTYVvxeHYy2ot1X4=
-55,24,0ebbGb/Qz+Mmr9VMAo2xtltgb6E=,PdSfYF5qKvyAZBoPOL3WEOCaCRQ=
-54,17,0ebbGb/Qz+Mmr9VMAo2xtltgb6E=,/YNPcBsGUTghTYVvxeHYy2ot1X4=
-55,22,0ebbGb/Qz+Mmr9VMAo2xtltgb6E=,/YNPcBsGUTghTYVvxeHYy2ot1X4=
-49,21,0ebbGb/Qz+Mmr9VMAo2xtltgb6E=,/YNPcBsGUTghTYVvxeHYy2ot1X4=
-50,21,0ebbGb/Qz+Mmr9VMAo2xtltgb6E=,/YNPcBsGUTghTYVvxeHYy2ot1X4=
-54,24,0ebbGb/Qz+Mmr9VMAo2xtltgb6E=,PdSfYF5qKvyAZBoPOL3WEOCaCRQ=
-50,16,0ebbGb/Qz+Mmr9VMAo2xtltgb6E=,/YNPcBsGUTghTYVvxeHYy2ot1X4=
-55,17,0ebbGb/Qz+Mmr9VMAo2xtltgb6E=,/YNPcBsGUTghTYVvxeHYy2ot1X4=
-51,16,0ebbGb/Qz+Mmr9VMAo2xtltgb6E=,/YNPcBsGUTghTYVvxeHYy2ot1X4=
-49,16,0ebbGb/Qz+Mmr9VMAo2xtltgb6E=,/YNPcBsGUTghTYVvxeHYy2ot1X4=
-53,24,0ebbGb/Qz+Mmr9VMAo2xtltgb6E=,PdSfYF5qKvyAZBoPOL3WEOCaCRQ=
-54,16,0ebbGb/Qz+Mmr9VMAo2xtltgb6E=,/YNPcBsGUTghTYVvxeHYy2ot1X4=
-53,16,0ebbGb/Qz+Mmr9VMAo2xtltgb6E=,/YNPcBsGUTghTYVvxeHYy2ot1X4=
-51,21,0ebbGb/Qz+Mmr9VMAo2xtltgb6E=,/YNPcBsGUTghTYVvxeHYy2ot1X4=
-55,16,0ebbGb/Qz+Mmr9VMAo2xtltgb6E=,/YNPcBsGUTghTYVvxeHYy2ot1X4=
-52,21,0ebbGb/Qz+Mmr9VMAo2xtltgb6E=,/YNPcBsGUTghTYVvxeHYy2ot1X4=
-53,21,0ebbGb/Qz+Mmr9VMAo2xtltgb6E=,/YNPcBsGUTghTYVvxeHYy2ot1X4=
-54,21,0ebbGb/Qz+Mmr9VMAo2xtltgb6E=,/YNPcBsGUTghTYVvxeHYy2ot1X4=
-55,20,0ebbGb/Qz+Mmr9VMAo2xtltgb6E=,/YNPcBsGUTghTYVvxeHYy2ot1X4=
-49,24,0ebbGb/Qz+Mmr9VMAo2xtltgb6E=,PdSfYF5qKvyAZBoPOL3WEOCaCRQ=
-55,21,0ebbGb/Qz+Mmr9VMAo2xtltgb6E=,/YNPcBsGUTghTYVvxeHYy2ot1X4=
-51,24,0ebbGb/Qz+Mmr9VMAo2xtltgb6E=,PdSfYF5qKvyAZBoPOL3WEOCaCRQ=
-50,24,0ebbGb/Qz+Mmr9VMAo2xtltgb6E=,PdSfYF5qKvyAZBoPOL3WEOCaCRQ=
-49,20,0ebbGb/Qz+Mmr9VMAo2xtltgb6E=,/YNPcBsGUTghTYVvxeHYy2ot1X4=
-52,24,0ebbGb/Qz+Mmr9VMAo2xtltgb6E=,PdSfYF5qKvyAZBoPOL3WEOCaCRQ=
-54,20,0ebbGb/Qz+Mmr9VMAo2xtltgb6E=,/YNPcBsGUTghTYVvxeHYy2ot1X4=
-50,20,0ebbGb/Qz+Mmr9VMAo2xtltgb6E=,/YNPcBsGUTghTYVvxeHYy2ot1X4=
-51,20,0ebbGb/Qz+Mmr9VMAo2xtltgb6E=,/YNPcBsGUTghTYVvxeHYy2ot1X4=
-53,20,0ebbGb/Qz+Mmr9VMAo2xtltgb6E=,/YNPcBsGUTghTYVvxeHYy2ot1X4=
-52,20,0ebbGb/Qz+Mmr9VMAo2xtltgb6E=,/YNPcBsGUTghTYVvxeHYy2ot1X4=
-52,16,0ebbGb/Qz+Mmr9VMAo2xtltgb6E=,/YNPcBsGUTghTYVvxeHYy2ot1X4=
-63,20,0ebbGb/Qz+Mmr9VMAo2xtltgb6E=,nQg5xMRc/Z5WXiumsuipRHN9Zws=
-62,18,0ebbGb/Qz+Mmr9VMAo2xtltgb6E=,nQg5xMRc/Z5WXiumsuipRHN9Zws=
-63,18,0ebbGb/Qz+Mmr9VMAo2xtltgb6E=,nQg5xMRc/Z5WXiumsuipRHN9Zws=
-64,18,0ebbGb/Qz+Mmr9VMAo2xtltgb6E=,nQg5xMRc/Z5WXiumsuipRHN9Zws=
-61,17,0ebbGb/Qz+Mmr9VMAo2xtltgb6E=,nQg5xMRc/Z5WXiumsuipRHN9Zws=
-61,23,0ebbGb/Qz+Mmr9VMAo2xtltgb6E=,nQg5xMRc/Z5WXiumsuipRHN9Zws=
-62,23,0ebbGb/Qz+Mmr9VMAo2xtltgb6E=,nQg5xMRc/Z5WXiumsuipRHN9Zws=
-56,19,0ebbGb/Qz+Mmr9VMAo2xtltgb6E=,/YNPcBsGUTghTYVvxeHYy2ot1X4=
-62,17,0ebbGb/Qz+Mmr9VMAo2xtltgb6E=,nQg5xMRc/Z5WXiumsuipRHN9Zws=
-62,16,0ebbGb/Qz+Mmr9VMAo2xtltgb6E=,nQg5xMRc/Z5WXiumsuipRHN9Zws=
-64,20,0ebbGb/Qz+Mmr9VMAo2xtltgb6E=,nQg5xMRc/Z5WXiumsuipRHN9Zws=
-63,23,0ebbGb/Qz+Mmr9VMAo2xtltgb6E=,nQg5xMRc/Z5WXiumsuipRHN9Zws=
-56,23,0ebbGb/Qz+Mmr9VMAo2xtltgb6E=,/YNPcBsGUTghTYVvxeHYy2ot1X4=
-56,18,0ebbGb/Qz+Mmr9VMAo2xtltgb6E=,/YNPcBsGUTghTYVvxeHYy2ot1X4=
-59,22,0ebbGb/Qz+Mmr9VMAo2xtltgb6E=,nQg5xMRc/Z5WXiumsuipRHN9Zws=
-63,17,0ebbGb/Qz+Mmr9VMAo2xtltgb6E=,nQg5xMRc/Z5WXiumsuipRHN9Zws=
-63,19,0ebbGb/Qz+Mmr9VMAo2xtltgb6E=,nQg5xMRc/Z5WXiumsuipRHN9Zws=
-57,21,0ebbGb/Qz+Mmr9VMAo2xtltgb6E=,nQg5xMRc/Z5WXiumsuipRHN9Zws=
-60,23,0ebbGb/Qz+Mmr9VMAo2xtltgb6E=,nQg5xMRc/Z5WXiumsuipRHN9Zws=
-57,19,0ebbGb/Qz+Mmr9VMAo2xtltgb6E=,nQg5xMRc/Z5WXiumsuipRHN9Zws=
-63,21,0ebbGb/Qz+Mmr9VMAo2xtltgb6E=,nQg5xMRc/Z5WXiumsuipRHN9Zws=
-64,21,0ebbGb/Qz+Mmr9VMAo2xtltgb6E=,nQg5xMRc/Z5WXiumsuipRHN9Zws=
-56,17,0ebbGb/Qz+Mmr9VMAo2xtltgb6E=,/YNPcBsGUTghTYVvxeHYy2ot1X4=
-57,20,0ebbGb/Qz+Mmr9VMAo2xtltgb6E=,nQg5xMRc/Z5WXiumsuipRHN9Zws=
-56,22,0ebbGb/Qz+Mmr9VMAo2xtltgb6E=,/YNPcBsGUTghTYVvxeHYy2ot1X4=
-58,20,0ebbGb/Qz+Mmr9VMAo2xtltgb6E=,nQg5xMRc/Z5WXiumsuipRHN9Zws=
-60,22,0ebbGb/Qz+Mmr9VMAo2xtltgb6E=,nQg5xMRc/Z5WXiumsuipRHN9Zws=
-64,17,0ebbGb/Qz+Mmr9VMAo2xtltgb6E=,nQg5xMRc/Z5WXiumsuipRHN9Zws=
-57,16,0ebbGb/Qz+Mmr9VMAo2xtltgb6E=,nQg5xMRc/Z5WXiumsuipRHN9Zws=
-59,20,0ebbGb/Qz+Mmr9VMAo2xtltgb6E=,nQg5xMRc/Z5WXiumsuipRHN9Zws=
-61,16,0ebbGb/Qz+Mmr9VMAo2xtltgb6E=,nQg5xMRc/Z5WXiumsuipRHN9Zws=
-58,19,0ebbGb/Qz+Mmr9VMAo2xtltgb6E=,nQg5xMRc/Z5WXiumsuipRHN9Zws=
-61,20,0ebbGb/Qz+Mmr9VMAo2xtltgb6E=,nQg5xMRc/Z5WXiumsuipRHN9Zws=
-63,16,0ebbGb/Qz+Mmr9VMAo2xtltgb6E=,nQg5xMRc/Z5WXiumsuipRHN9Zws=
-64,23,0ebbGb/Qz+Mmr9VMAo2xtltgb6E=,nQg5xMRc/Z5WXiumsuipRHN9Zws=
-61,22,0ebbGb/Qz+Mmr9VMAo2xtltgb6E=,nQg5xMRc/Z5WXiumsuipRHN9Zws=
-58,18,0ebbGb/Qz+Mmr9VMAo2xtltgb6E=,nQg5xMRc/Z5WXiumsuipRHN9Zws=
-57,18,0ebbGb/Qz+Mmr9VMAo2xtltgb6E=,nQg5xMRc/Z5WXiumsuipRHN9Zws=
-58,16,0ebbGb/Qz+Mmr9VMAo2xtltgb6E=,nQg5xMRc/Z5WXiumsuipRHN9Zws=
-59,19,0ebbGb/Qz+Mmr9VMAo2xtltgb6E=,nQg5xMRc/Z5WXiumsuipRHN9Zws=
-60,20,0ebbGb/Qz+Mmr9VMAo2xtltgb6E=,nQg5xMRc/Z5WXiumsuipRHN9Zws=
-60,18,0ebbGb/Qz+Mmr9VMAo2xtltgb6E=,nQg5xMRc/Z5WXiumsuipRHN9Zws=
-59,23,0ebbGb/Qz+Mmr9VMAo2xtltgb6E=,nQg5xMRc/Z5WXiumsuipRHN9Zws=
-61,18,0ebbGb/Qz+Mmr9VMAo2xtltgb6E=,nQg5xMRc/Z5WXiumsuipRHN9Zws=
-59,18,0ebbGb/Qz+Mmr9VMAo2xtltgb6E=,nQg5xMRc/Z5WXiumsuipRHN9Zws=
-59,16,0ebbGb/Qz+Mmr9VMAo2xtltgb6E=,nQg5xMRc/Z5WXiumsuipRHN9Zws=
-64,19,0ebbGb/Qz+Mmr9VMAo2xtltgb6E=,nQg5xMRc/Z5WXiumsuipRHN9Zws=
-58,21,0ebbGb/Qz+Mmr9VMAo2xtltgb6E=,nQg5xMRc/Z5WXiumsuipRHN9Zws=
-57,17,0ebbGb/Qz+Mmr9VMAo2xtltgb6E=,nQg5xMRc/Z5WXiumsuipRHN9Zws=
-60,19,0ebbGb/Qz+Mmr9VMAo2xtltgb6E=,nQg5xMRc/Z5WXiumsuipRHN9Zws=
-56,21,0ebbGb/Qz+Mmr9VMAo2xtltgb6E=,/YNPcBsGUTghTYVvxeHYy2ot1X4=
-62,22,0ebbGb/Qz+Mmr9VMAo2xtltgb6E=,nQg5xMRc/Z5WXiumsuipRHN9Zws=
-56,16,0ebbGb/Qz+Mmr9VMAo2xtltgb6E=,/YNPcBsGUTghTYVvxeHYy2ot1X4=
-61,19,0ebbGb/Qz+Mmr9VMAo2xtltgb6E=,nQg5xMRc/Z5WXiumsuipRHN9Zws=
-63,22,0ebbGb/Qz+Mmr9VMAo2xtltgb6E=,nQg5xMRc/Z5WXiumsuipRHN9Zws=
-64,16,0ebbGb/Qz+Mmr9VMAo2xtltgb6E=,nQg5xMRc/Z5WXiumsuipRHN9Zws=
-58,17,0ebbGb/Qz+Mmr9VMAo2xtltgb6E=,nQg5xMRc/Z5WXiumsuipRHN9Zws=
-62,20,0ebbGb/Qz+Mmr9VMAo2xtltgb6E=,nQg5xMRc/Z5WXiumsuipRHN9Zws=
-56,20,0ebbGb/Qz+Mmr9VMAo2xtltgb6E=,/YNPcBsGUTghTYVvxeHYy2ot1X4=
-57,24,0ebbGb/Qz+Mmr9VMAo2xtltgb6E=,qUNN+fK6PbpKSIBOLtrXBCJuc08=
-57,22,0ebbGb/Qz+Mmr9VMAo2xtltgb6E=,nQg5xMRc/Z5WXiumsuipRHN9Zws=
-60,21,0ebbGb/Qz+Mmr9VMAo2xtltgb6E=,nQg5xMRc/Z5WXiumsuipRHN9Zws=
-61,21,0ebbGb/Qz+Mmr9VMAo2xtltgb6E=,nQg5xMRc/Z5WXiumsuipRHN9Zws=
-58,24,0ebbGb/Qz+Mmr9VMAo2xtltgb6E=,qUNN+fK6PbpKSIBOLtrXBCJuc08=
-60,24,0ebbGb/Qz+Mmr9VMAo2xtltgb6E=,qUNN+fK6PbpKSIBOLtrXBCJuc08=
-61,24,0ebbGb/Qz+Mmr9VMAo2xtltgb6E=,qUNN+fK6PbpKSIBOLtrXBCJuc08=
-59,24,0ebbGb/Qz+Mmr9VMAo2xtltgb6E=,qUNN+fK6PbpKSIBOLtrXBCJuc08=
-62,24,0ebbGb/Qz+Mmr9VMAo2xtltgb6E=,qUNN+fK6PbpKSIBOLtrXBCJuc08=
-63,24,0ebbGb/Qz+Mmr9VMAo2xtltgb6E=,qUNN+fK6PbpKSIBOLtrXBCJuc08=
-59,21,0ebbGb/Qz+Mmr9VMAo2xtltgb6E=,nQg5xMRc/Z5WXiumsuipRHN9Zws=
-64,22,0ebbGb/Qz+Mmr9VMAo2xtltgb6E=,nQg5xMRc/Z5WXiumsuipRHN9Zws=
-58,22,0ebbGb/Qz+Mmr9VMAo2xtltgb6E=,nQg5xMRc/Z5WXiumsuipRHN9Zws=
-62,19,0ebbGb/Qz+Mmr9VMAo2xtltgb6E=,nQg5xMRc/Z5WXiumsuipRHN9Zws=
-56,24,0ebbGb/Qz+Mmr9VMAo2xtltgb6E=,PdSfYF5qKvyAZBoPOL3WEOCaCRQ=
-64,24,0ebbGb/Qz+Mmr9VMAo2xtltgb6E=,qUNN+fK6PbpKSIBOLtrXBCJuc08=
-62,21,0ebbGb/Qz+Mmr9VMAo2xtltgb6E=,nQg5xMRc/Z5WXiumsuipRHN9Zws=
-60,16,0ebbGb/Qz+Mmr9VMAo2xtltgb6E=,nQg5xMRc/Z5WXiumsuipRHN9Zws=
-57,23,0ebbGb/Qz+Mmr9VMAo2xtltgb6E=,nQg5xMRc/Z5WXiumsuipRHN9Zws=
-59,17,0ebbGb/Qz+Mmr9VMAo2xtltgb6E=,nQg5xMRc/Z5WXiumsuipRHN9Zws=
-58,23,0ebbGb/Qz+Mmr9VMAo2xtltgb6E=,nQg5xMRc/Z5WXiumsuipRHN9Zws=
-60,17,0ebbGb/Qz+Mmr9VMAo2xtltgb6E=,nQg5xMRc/Z5WXiumsuipRHN9Zws=
-47,25,Gy1L0vcoPqIOCdZjGjLAEWm2b4U=,vkPoRbptIcKdJ3qK/90rJBVNZOM=
-46,25,Gy1L0vcoPqIOCdZjGjLAEWm2b4U=,vkPoRbptIcKdJ3qK/90rJBVNZOM=
-43,30,Gy1L0vcoPqIOCdZjGjLAEWm2b4U=,vkPoRbptIcKdJ3qK/90rJBVNZOM=
-44,30,Gy1L0vcoPqIOCdZjGjLAEWm2b4U=,vkPoRbptIcKdJ3qK/90rJBVNZOM=
-42,30,Gy1L0vcoPqIOCdZjGjLAEWm2b4U=,vkPoRbptIcKdJ3qK/90rJBVNZOM=
-45,30,Gy1L0vcoPqIOCdZjGjLAEWm2b4U=,vkPoRbptIcKdJ3qK/90rJBVNZOM=
-47,30,Gy1L0vcoPqIOCdZjGjLAEWm2b4U=,vkPoRbptIcKdJ3qK/90rJBVNZOM=
-46,30,Gy1L0vcoPqIOCdZjGjLAEWm2b4U=,vkPoRbptIcKdJ3qK/90rJBVNZOM=
-43,29,Gy1L0vcoPqIOCdZjGjLAEWm2b4U=,vkPoRbptIcKdJ3qK/90rJBVNZOM=
-42,29,Gy1L0vcoPqIOCdZjGjLAEWm2b4U=,vkPoRbptIcKdJ3qK/90rJBVNZOM=
-45,29,Gy1L0vcoPqIOCdZjGjLAEWm2b4U=,vkPoRbptIcKdJ3qK/90rJBVNZOM=
-44,29,Gy1L0vcoPqIOCdZjGjLAEWm2b4U=,vkPoRbptIcKdJ3qK/90rJBVNZOM=
-46,29,Gy1L0vcoPqIOCdZjGjLAEWm2b4U=,vkPoRbptIcKdJ3qK/90rJBVNZOM=
-47,29,Gy1L0vcoPqIOCdZjGjLAEWm2b4U=,vkPoRbptIcKdJ3qK/90rJBVNZOM=
-42,28,Gy1L0vcoPqIOCdZjGjLAEWm2b4U=,vkPoRbptIcKdJ3qK/90rJBVNZOM=
-43,28,Gy1L0vcoPqIOCdZjGjLAEWm2b4U=,vkPoRbptIcKdJ3qK/90rJBVNZOM=
-44,28,Gy1L0vcoPqIOCdZjGjLAEWm2b4U=,vkPoRbptIcKdJ3qK/90rJBVNZOM=
-46,28,Gy1L0vcoPqIOCdZjGjLAEWm2b4U=,vkPoRbptIcKdJ3qK/90rJBVNZOM=
-45,28,Gy1L0vcoPqIOCdZjGjLAEWm2b4U=,vkPoRbptIcKdJ3qK/90rJBVNZOM=
-47,28,Gy1L0vcoPqIOCdZjGjLAEWm2b4U=,vkPoRbptIcKdJ3qK/90rJBVNZOM=
-42,27,Gy1L0vcoPqIOCdZjGjLAEWm2b4U=,vkPoRbptIcKdJ3qK/90rJBVNZOM=
-43,27,Gy1L0vcoPqIOCdZjGjLAEWm2b4U=,vkPoRbptIcKdJ3qK/90rJBVNZOM=
-44,27,Gy1L0vcoPqIOCdZjGjLAEWm2b4U=,vkPoRbptIcKdJ3qK/90rJBVNZOM=
-45,27,Gy1L0vcoPqIOCdZjGjLAEWm2b4U=,vkPoRbptIcKdJ3qK/90rJBVNZOM=
-46,27,Gy1L0vcoPqIOCdZjGjLAEWm2b4U=,vkPoRbptIcKdJ3qK/90rJBVNZOM=
-47,27,Gy1L0vcoPqIOCdZjGjLAEWm2b4U=,vkPoRbptIcKdJ3qK/90rJBVNZOM=
-42,26,Gy1L0vcoPqIOCdZjGjLAEWm2b4U=,vkPoRbptIcKdJ3qK/90rJBVNZOM=
-43,26,Gy1L0vcoPqIOCdZjGjLAEWm2b4U=,vkPoRbptIcKdJ3qK/90rJBVNZOM=
-44,26,Gy1L0vcoPqIOCdZjGjLAEWm2b4U=,vkPoRbptIcKdJ3qK/90rJBVNZOM=
-45,26,Gy1L0vcoPqIOCdZjGjLAEWm2b4U=,vkPoRbptIcKdJ3qK/90rJBVNZOM=
-46,26,Gy1L0vcoPqIOCdZjGjLAEWm2b4U=,vkPoRbptIcKdJ3qK/90rJBVNZOM=
-47,26,Gy1L0vcoPqIOCdZjGjLAEWm2b4U=,vkPoRbptIcKdJ3qK/90rJBVNZOM=
-43,25,Gy1L0vcoPqIOCdZjGjLAEWm2b4U=,vkPoRbptIcKdJ3qK/90rJBVNZOM=
-44,25,Gy1L0vcoPqIOCdZjGjLAEWm2b4U=,vkPoRbptIcKdJ3qK/90rJBVNZOM=
-42,25,Gy1L0vcoPqIOCdZjGjLAEWm2b4U=,vkPoRbptIcKdJ3qK/90rJBVNZOM=
-44,23,Gy1L0vcoPqIOCdZjGjLAEWm2b4U=,SxtnwLvcifmzh7+PMObWQPP1XPo=
-42,21,Gy1L0vcoPqIOCdZjGjLAEWm2b4U=,SxtnwLvcifmzh7+PMObWQPP1XPo=
-43,23,Gy1L0vcoPqIOCdZjGjLAEWm2b4U=,SxtnwLvcifmzh7+PMObWQPP1XPo=
-45,25,Gy1L0vcoPqIOCdZjGjLAEWm2b4U=,vkPoRbptIcKdJ3qK/90rJBVNZOM=
-42,23,Gy1L0vcoPqIOCdZjGjLAEWm2b4U=,SxtnwLvcifmzh7+PMObWQPP1XPo=
-43,22,Gy1L0vcoPqIOCdZjGjLAEWm2b4U=,SxtnwLvcifmzh7+PMObWQPP1XPo=
-44,17,Gy1L0vcoPqIOCdZjGjLAEWm2b4U=,SxtnwLvcifmzh7+PMObWQPP1XPo=
-45,23,Gy1L0vcoPqIOCdZjGjLAEWm2b4U=,SxtnwLvcifmzh7+PMObWQPP1XPo=
-47,24,Gy1L0vcoPqIOCdZjGjLAEWm2b4U=,vkPoRbptIcKdJ3qK/90rJBVNZOM=
-47,21,Gy1L0vcoPqIOCdZjGjLAEWm2b4U=,SxtnwLvcifmzh7+PMObWQPP1XPo=
-46,23,Gy1L0vcoPqIOCdZjGjLAEWm2b4U=,SxtnwLvcifmzh7+PMObWQPP1XPo=
-47,23,Gy1L0vcoPqIOCdZjGjLAEWm2b4U=,SxtnwLvcifmzh7+PMObWQPP1XPo=
-46,24,Gy1L0vcoPqIOCdZjGjLAEWm2b4U=,vkPoRbptIcKdJ3qK/90rJBVNZOM=
-42,22,Gy1L0vcoPqIOCdZjGjLAEWm2b4U=,SxtnwLvcifmzh7+PMObWQPP1XPo=
-46,18,Gy1L0vcoPqIOCdZjGjLAEWm2b4U=,SxtnwLvcifmzh7+PMObWQPP1XPo=
-43,21,Gy1L0vcoPqIOCdZjGjLAEWm2b4U=,SxtnwLvcifmzh7+PMObWQPP1XPo=
-45,18,Gy1L0vcoPqIOCdZjGjLAEWm2b4U=,SxtnwLvcifmzh7+PMObWQPP1XPo=
-45,17,Gy1L0vcoPqIOCdZjGjLAEWm2b4U=,SxtnwLvcifmzh7+PMObWQPP1XPo=
-44,22,Gy1L0vcoPqIOCdZjGjLAEWm2b4U=,SxtnwLvcifmzh7+PMObWQPP1XPo=
-44,18,Gy1L0vcoPqIOCdZjGjLAEWm2b4U=,SxtnwLvcifmzh7+PMObWQPP1XPo=
-47,18,Gy1L0vcoPqIOCdZjGjLAEWm2b4U=,SxtnwLvcifmzh7+PMObWQPP1XPo=
-42,20,Gy1L0vcoPqIOCdZjGjLAEWm2b4U=,SxtnwLvcifmzh7+PMObWQPP1XPo=
-43,18,Gy1L0vcoPqIOCdZjGjLAEWm2b4U=,SxtnwLvcifmzh7+PMObWQPP1XPo=
-45,22,Gy1L0vcoPqIOCdZjGjLAEWm2b4U=,SxtnwLvcifmzh7+PMObWQPP1XPo=
-46,22,Gy1L0vcoPqIOCdZjGjLAEWm2b4U=,SxtnwLvcifmzh7+PMObWQPP1XPo=
-42,18,Gy1L0vcoPqIOCdZjGjLAEWm2b4U=,SxtnwLvcifmzh7+PMObWQPP1XPo=
-47,22,Gy1L0vcoPqIOCdZjGjLAEWm2b4U=,SxtnwLvcifmzh7+PMObWQPP1XPo=
-44,21,Gy1L0vcoPqIOCdZjGjLAEWm2b4U=,SxtnwLvcifmzh7+PMObWQPP1XPo=
-46,19,Gy1L0vcoPqIOCdZjGjLAEWm2b4U=,SxtnwLvcifmzh7+PMObWQPP1XPo=
-43,20,Gy1L0vcoPqIOCdZjGjLAEWm2b4U=,SxtnwLvcifmzh7+PMObWQPP1XPo=
-46,17,Gy1L0vcoPqIOCdZjGjLAEWm2b4U=,SxtnwLvcifmzh7+PMObWQPP1XPo=
-45,19,Gy1L0vcoPqIOCdZjGjLAEWm2b4U=,SxtnwLvcifmzh7+PMObWQPP1XPo=
-47,17,Gy1L0vcoPqIOCdZjGjLAEWm2b4U=,SxtnwLvcifmzh7+PMObWQPP1XPo=
-45,21,Gy1L0vcoPqIOCdZjGjLAEWm2b4U=,SxtnwLvcifmzh7+PMObWQPP1XPo=
-47,19,Gy1L0vcoPqIOCdZjGjLAEWm2b4U=,SxtnwLvcifmzh7+PMObWQPP1XPo=
-46,21,Gy1L0vcoPqIOCdZjGjLAEWm2b4U=,SxtnwLvcifmzh7+PMObWQPP1XPo=
-44,19,Gy1L0vcoPqIOCdZjGjLAEWm2b4U=,SxtnwLvcifmzh7+PMObWQPP1XPo=
-44,20,Gy1L0vcoPqIOCdZjGjLAEWm2b4U=,SxtnwLvcifmzh7+PMObWQPP1XPo=
-45,20,Gy1L0vcoPqIOCdZjGjLAEWm2b4U=,SxtnwLvcifmzh7+PMObWQPP1XPo=
-46,20,Gy1L0vcoPqIOCdZjGjLAEWm2b4U=,SxtnwLvcifmzh7+PMObWQPP1XPo=
-43,17,Gy1L0vcoPqIOCdZjGjLAEWm2b4U=,SxtnwLvcifmzh7+PMObWQPP1XPo=
-42,17,Gy1L0vcoPqIOCdZjGjLAEWm2b4U=,SxtnwLvcifmzh7+PMObWQPP1XPo=
-47,20,Gy1L0vcoPqIOCdZjGjLAEWm2b4U=,SxtnwLvcifmzh7+PMObWQPP1XPo=
-45,24,Gy1L0vcoPqIOCdZjGjLAEWm2b4U=,vkPoRbptIcKdJ3qK/90rJBVNZOM=
-43,19,Gy1L0vcoPqIOCdZjGjLAEWm2b4U=,SxtnwLvcifmzh7+PMObWQPP1XPo=
-42,19,Gy1L0vcoPqIOCdZjGjLAEWm2b4U=,SxtnwLvcifmzh7+PMObWQPP1XPo=
-44,24,Gy1L0vcoPqIOCdZjGjLAEWm2b4U=,vkPoRbptIcKdJ3qK/90rJBVNZOM=
-42,24,Gy1L0vcoPqIOCdZjGjLAEWm2b4U=,vkPoRbptIcKdJ3qK/90rJBVNZOM=
-43,24,Gy1L0vcoPqIOCdZjGjLAEWm2b4U=,vkPoRbptIcKdJ3qK/90rJBVNZOM=
-48,21,Gy1L0vcoPqIOCdZjGjLAEWm2b4U=,SxtnwLvcifmzh7+PMObWQPP1XPo=
-48,22,Gy1L0vcoPqIOCdZjGjLAEWm2b4U=,SxtnwLvcifmzh7+PMObWQPP1XPo=
-48,20,Gy1L0vcoPqIOCdZjGjLAEWm2b4U=,SxtnwLvcifmzh7+PMObWQPP1XPo=
-48,19,Gy1L0vcoPqIOCdZjGjLAEWm2b4U=,SxtnwLvcifmzh7+PMObWQPP1XPo=
-48,17,Gy1L0vcoPqIOCdZjGjLAEWm2b4U=,SxtnwLvcifmzh7+PMObWQPP1XPo=
-48,18,Gy1L0vcoPqIOCdZjGjLAEWm2b4U=,SxtnwLvcifmzh7+PMObWQPP1XPo=
-36,19,Gy1L0vcoPqIOCdZjGjLAEWm2b4U=,hu4z/IKAxPfK3p9D8fswE20tRfQ=
-37,19,Gy1L0vcoPqIOCdZjGjLAEWm2b4U=,hu4z/IKAxPfK3p9D8fswE20tRfQ=
-35,19,Gy1L0vcoPqIOCdZjGjLAEWm2b4U=,hu4z/IKAxPfK3p9D8fswE20tRfQ=
-38,19,Gy1L0vcoPqIOCdZjGjLAEWm2b4U=,hu4z/IKAxPfK3p9D8fswE20tRfQ=
-41,22,Gy1L0vcoPqIOCdZjGjLAEWm2b4U=,SxtnwLvcifmzh7+PMObWQPP1XPo=
-39,19,Gy1L0vcoPqIOCdZjGjLAEWm2b4U=,hu4z/IKAxPfK3p9D8fswE20tRfQ=
-34,19,Gy1L0vcoPqIOCdZjGjLAEWm2b4U=,hu4z/IKAxPfK3p9D8fswE20tRfQ=
-41,20,Gy1L0vcoPqIOCdZjGjLAEWm2b4U=,SxtnwLvcifmzh7+PMObWQPP1XPo=
-40,19,Gy1L0vcoPqIOCdZjGjLAEWm2b4U=,hu4z/IKAxPfK3p9D8fswE20tRfQ=
-33,18,Gy1L0vcoPqIOCdZjGjLAEWm2b4U=,hu4z/IKAxPfK3p9D8fswE20tRfQ=
-34,18,Gy1L0vcoPqIOCdZjGjLAEWm2b4U=,hu4z/IKAxPfK3p9D8fswE20tRfQ=
-35,18,Gy1L0vcoPqIOCdZjGjLAEWm2b4U=,hu4z/IKAxPfK3p9D8fswE20tRfQ=
-41,21,Gy1L0vcoPqIOCdZjGjLAEWm2b4U=,SxtnwLvcifmzh7+PMObWQPP1XPo=
-33,22,Gy1L0vcoPqIOCdZjGjLAEWm2b4U=,hu4z/IKAxPfK3p9D8fswE20tRfQ=
-34,22,Gy1L0vcoPqIOCdZjGjLAEWm2b4U=,hu4z/IKAxPfK3p9D8fswE20tRfQ=
-35,22,Gy1L0vcoPqIOCdZjGjLAEWm2b4U=,hu4z/IKAxPfK3p9D8fswE20tRfQ=
-37,18,Gy1L0vcoPqIOCdZjGjLAEWm2b4U=,hu4z/IKAxPfK3p9D8fswE20tRfQ=
-33,19,Gy1L0vcoPqIOCdZjGjLAEWm2b4U=,hu4z/IKAxPfK3p9D8fswE20tRfQ=
-38,18,Gy1L0vcoPqIOCdZjGjLAEWm2b4U=,hu4z/IKAxPfK3p9D8fswE20tRfQ=
-39,18,Gy1L0vcoPqIOCdZjGjLAEWm2b4U=,hu4z/IKAxPfK3p9D8fswE20tRfQ=
-33,17,Gy1L0vcoPqIOCdZjGjLAEWm2b4U=,hu4z/IKAxPfK3p9D8fswE20tRfQ=
-40,20,Gy1L0vcoPqIOCdZjGjLAEWm2b4U=,hu4z/IKAxPfK3p9D8fswE20tRfQ=
-40,18,Gy1L0vcoPqIOCdZjGjLAEWm2b4U=,hu4z/IKAxPfK3p9D8fswE20tRfQ=
-34,17,Gy1L0vcoPqIOCdZjGjLAEWm2b4U=,hu4z/IKAxPfK3p9D8fswE20tRfQ=
-35,17,Gy1L0vcoPqIOCdZjGjLAEWm2b4U=,hu4z/IKAxPfK3p9D8fswE20tRfQ=
-36,17,Gy1L0vcoPqIOCdZjGjLAEWm2b4U=,hu4z/IKAxPfK3p9D8fswE20tRfQ=
-39,20,Gy1L0vcoPqIOCdZjGjLAEWm2b4U=,hu4z/IKAxPfK3p9D8fswE20tRfQ=
-37,17,Gy1L0vcoPqIOCdZjGjLAEWm2b4U=,hu4z/IKAxPfK3p9D8fswE20tRfQ=
-38,17,Gy1L0vcoPqIOCdZjGjLAEWm2b4U=,hu4z/IKAxPfK3p9D8fswE20tRfQ=
-39,17,Gy1L0vcoPqIOCdZjGjLAEWm2b4U=,hu4z/IKAxPfK3p9D8fswE20tRfQ=
-39,16,Gy1L0vcoPqIOCdZjGjLAEWm2b4U=,hu4z/IKAxPfK3p9D8fswE20tRfQ=
-36,22,Gy1L0vcoPqIOCdZjGjLAEWm2b4U=,hu4z/IKAxPfK3p9D8fswE20tRfQ=
-40,17,Gy1L0vcoPqIOCdZjGjLAEWm2b4U=,hu4z/IKAxPfK3p9D8fswE20tRfQ=
-37,22,Gy1L0vcoPqIOCdZjGjLAEWm2b4U=,hu4z/IKAxPfK3p9D8fswE20tRfQ=
-38,22,Gy1L0vcoPqIOCdZjGjLAEWm2b4U=,hu4z/IKAxPfK3p9D8fswE20tRfQ=
-38,16,Gy1L0vcoPqIOCdZjGjLAEWm2b4U=,hu4z/IKAxPfK3p9D8fswE20tRfQ=
-38,20,Gy1L0vcoPqIOCdZjGjLAEWm2b4U=,hu4z/IKAxPfK3p9D8fswE20tRfQ=
-39,22,Gy1L0vcoPqIOCdZjGjLAEWm2b4U=,hu4z/IKAxPfK3p9D8fswE20tRfQ=
-41,17,Gy1L0vcoPqIOCdZjGjLAEWm2b4U=,SxtnwLvcifmzh7+PMObWQPP1XPo=
-40,22,Gy1L0vcoPqIOCdZjGjLAEWm2b4U=,hu4z/IKAxPfK3p9D8fswE20tRfQ=
-37,16,Gy1L0vcoPqIOCdZjGjLAEWm2b4U=,hu4z/IKAxPfK3p9D8fswE20tRfQ=
-33,21,Gy1L0vcoPqIOCdZjGjLAEWm2b4U=,hu4z/IKAxPfK3p9D8fswE20tRfQ=
-37,20,Gy1L0vcoPqIOCdZjGjLAEWm2b4U=,hu4z/IKAxPfK3p9D8fswE20tRfQ=
-35,21,Gy1L0vcoPqIOCdZjGjLAEWm2b4U=,hu4z/IKAxPfK3p9D8fswE20tRfQ=
-36,21,Gy1L0vcoPqIOCdZjGjLAEWm2b4U=,hu4z/IKAxPfK3p9D8fswE20tRfQ=
-41,18,Gy1L0vcoPqIOCdZjGjLAEWm2b4U=,SxtnwLvcifmzh7+PMObWQPP1XPo=
-36,16,Gy1L0vcoPqIOCdZjGjLAEWm2b4U=,hu4z/IKAxPfK3p9D8fswE20tRfQ=
-34,21,Gy1L0vcoPqIOCdZjGjLAEWm2b4U=,hu4z/IKAxPfK3p9D8fswE20tRfQ=
-37,21,Gy1L0vcoPqIOCdZjGjLAEWm2b4U=,hu4z/IKAxPfK3p9D8fswE20tRfQ=
-36,20,Gy1L0vcoPqIOCdZjGjLAEWm2b4U=,hu4z/IKAxPfK3p9D8fswE20tRfQ=
-36,18,Gy1L0vcoPqIOCdZjGjLAEWm2b4U=,hu4z/IKAxPfK3p9D8fswE20tRfQ=
-38,21,Gy1L0vcoPqIOCdZjGjLAEWm2b4U=,hu4z/IKAxPfK3p9D8fswE20tRfQ=
-35,16,Gy1L0vcoPqIOCdZjGjLAEWm2b4U=,hu4z/IKAxPfK3p9D8fswE20tRfQ=
-35,20,Gy1L0vcoPqIOCdZjGjLAEWm2b4U=,hu4z/IKAxPfK3p9D8fswE20tRfQ=
-34,16,Gy1L0vcoPqIOCdZjGjLAEWm2b4U=,hu4z/IKAxPfK3p9D8fswE20tRfQ=
-41,19,Gy1L0vcoPqIOCdZjGjLAEWm2b4U=,SxtnwLvcifmzh7+PMObWQPP1XPo=
-39,21,Gy1L0vcoPqIOCdZjGjLAEWm2b4U=,hu4z/IKAxPfK3p9D8fswE20tRfQ=
-34,20,Gy1L0vcoPqIOCdZjGjLAEWm2b4U=,hu4z/IKAxPfK3p9D8fswE20tRfQ=
-40,21,Gy1L0vcoPqIOCdZjGjLAEWm2b4U=,hu4z/IKAxPfK3p9D8fswE20tRfQ=
-33,20,Gy1L0vcoPqIOCdZjGjLAEWm2b4U=,hu4z/IKAxPfK3p9D8fswE20tRfQ=
-44,31,Gy1L0vcoPqIOCdZjGjLAEWm2b4U=,vkPoRbptIcKdJ3qK/90rJBVNZOM=
-43,31,Gy1L0vcoPqIOCdZjGjLAEWm2b4U=,vkPoRbptIcKdJ3qK/90rJBVNZOM=
-42,31,Gy1L0vcoPqIOCdZjGjLAEWm2b4U=,vkPoRbptIcKdJ3qK/90rJBVNZOM=
-47,31,Gy1L0vcoPqIOCdZjGjLAEWm2b4U=,vkPoRbptIcKdJ3qK/90rJBVNZOM=
-45,31,Gy1L0vcoPqIOCdZjGjLAEWm2b4U=,vkPoRbptIcKdJ3qK/90rJBVNZOM=
-46,31,Gy1L0vcoPqIOCdZjGjLAEWm2b4U=,vkPoRbptIcKdJ3qK/90rJBVNZOM=
-48,24,Gy1L0vcoPqIOCdZjGjLAEWm2b4U=,vkPoRbptIcKdJ3qK/90rJBVNZOM=
-48,23,Gy1L0vcoPqIOCdZjGjLAEWm2b4U=,SxtnwLvcifmzh7+PMObWQPP1XPo=
-48,25,Gy1L0vcoPqIOCdZjGjLAEWm2b4U=,vkPoRbptIcKdJ3qK/90rJBVNZOM=
-48,31,Gy1L0vcoPqIOCdZjGjLAEWm2b4U=,vkPoRbptIcKdJ3qK/90rJBVNZOM=
-48,26,Gy1L0vcoPqIOCdZjGjLAEWm2b4U=,vkPoRbptIcKdJ3qK/90rJBVNZOM=
-48,29,Gy1L0vcoPqIOCdZjGjLAEWm2b4U=,vkPoRbptIcKdJ3qK/90rJBVNZOM=
-48,30,Gy1L0vcoPqIOCdZjGjLAEWm2b4U=,vkPoRbptIcKdJ3qK/90rJBVNZOM=
-48,28,Gy1L0vcoPqIOCdZjGjLAEWm2b4U=,vkPoRbptIcKdJ3qK/90rJBVNZOM=
-48,27,Gy1L0vcoPqIOCdZjGjLAEWm2b4U=,vkPoRbptIcKdJ3qK/90rJBVNZOM=
-33,16,Gy1L0vcoPqIOCdZjGjLAEWm2b4U=,hu4z/IKAxPfK3p9D8fswE20tRfQ=
-40,16,Gy1L0vcoPqIOCdZjGjLAEWm2b4U=,hu4z/IKAxPfK3p9D8fswE20tRfQ=
-42,16,Gy1L0vcoPqIOCdZjGjLAEWm2b4U=,SxtnwLvcifmzh7+PMObWQPP1XPo=
-46,16,Gy1L0vcoPqIOCdZjGjLAEWm2b4U=,SxtnwLvcifmzh7+PMObWQPP1XPo=
-41,16,Gy1L0vcoPqIOCdZjGjLAEWm2b4U=,SxtnwLvcifmzh7+PMObWQPP1XPo=
-44,16,Gy1L0vcoPqIOCdZjGjLAEWm2b4U=,SxtnwLvcifmzh7+PMObWQPP1XPo=
-43,16,Gy1L0vcoPqIOCdZjGjLAEWm2b4U=,SxtnwLvcifmzh7+PMObWQPP1XPo=
-45,16,Gy1L0vcoPqIOCdZjGjLAEWm2b4U=,SxtnwLvcifmzh7+PMObWQPP1XPo=
-47,16,Gy1L0vcoPqIOCdZjGjLAEWm2b4U=,SxtnwLvcifmzh7+PMObWQPP1XPo=
-48,16,Gy1L0vcoPqIOCdZjGjLAEWm2b4U=,SxtnwLvcifmzh7+PMObWQPP1XPo=
-33,23,Gy1L0vcoPqIOCdZjGjLAEWm2b4U=,hu4z/IKAxPfK3p9D8fswE20tRfQ=
-35,23,Gy1L0vcoPqIOCdZjGjLAEWm2b4U=,hu4z/IKAxPfK3p9D8fswE20tRfQ=
-36,23,Gy1L0vcoPqIOCdZjGjLAEWm2b4U=,hu4z/IKAxPfK3p9D8fswE20tRfQ=
-37,23,Gy1L0vcoPqIOCdZjGjLAEWm2b4U=,hu4z/IKAxPfK3p9D8fswE20tRfQ=
-36,29,Gy1L0vcoPqIOCdZjGjLAEWm2b4U=,A4CRiIsKq0YnPtkTxcONSefcG9c=
-38,29,Gy1L0vcoPqIOCdZjGjLAEWm2b4U=,A4CRiIsKq0YnPtkTxcONSefcG9c=
-34,23,Gy1L0vcoPqIOCdZjGjLAEWm2b4U=,hu4z/IKAxPfK3p9D8fswE20tRfQ=
-38,23,Gy1L0vcoPqIOCdZjGjLAEWm2b4U=,hu4z/IKAxPfK3p9D8fswE20tRfQ=
-37,29,Gy1L0vcoPqIOCdZjGjLAEWm2b4U=,A4CRiIsKq0YnPtkTxcONSefcG9c=
-41,30,Gy1L0vcoPqIOCdZjGjLAEWm2b4U=,vkPoRbptIcKdJ3qK/90rJBVNZOM=
-39,23,Gy1L0vcoPqIOCdZjGjLAEWm2b4U=,hu4z/IKAxPfK3p9D8fswE20tRfQ=
-40,23,Gy1L0vcoPqIOCdZjGjLAEWm2b4U=,hu4z/IKAxPfK3p9D8fswE20tRfQ=
-41,29,Gy1L0vcoPqIOCdZjGjLAEWm2b4U=,vkPoRbptIcKdJ3qK/90rJBVNZOM=
-40,29,Gy1L0vcoPqIOCdZjGjLAEWm2b4U=,A4CRiIsKq0YnPtkTxcONSefcG9c=
-39,29,Gy1L0vcoPqIOCdZjGjLAEWm2b4U=,A4CRiIsKq0YnPtkTxcONSefcG9c=
-33,28,Gy1L0vcoPqIOCdZjGjLAEWm2b4U=,A4CRiIsKq0YnPtkTxcONSefcG9c=
-35,29,Gy1L0vcoPqIOCdZjGjLAEWm2b4U=,A4CRiIsKq0YnPtkTxcONSefcG9c=
-34,28,Gy1L0vcoPqIOCdZjGjLAEWm2b4U=,A4CRiIsKq0YnPtkTxcONSefcG9c=
-41,28,Gy1L0vcoPqIOCdZjGjLAEWm2b4U=,vkPoRbptIcKdJ3qK/90rJBVNZOM=
-37,28,Gy1L0vcoPqIOCdZjGjLAEWm2b4U=,A4CRiIsKq0YnPtkTxcONSefcG9c=
-33,31,Gy1L0vcoPqIOCdZjGjLAEWm2b4U=,A4CRiIsKq0YnPtkTxcONSefcG9c=
-38,28,Gy1L0vcoPqIOCdZjGjLAEWm2b4U=,A4CRiIsKq0YnPtkTxcONSefcG9c=
-34,31,Gy1L0vcoPqIOCdZjGjLAEWm2b4U=,A4CRiIsKq0YnPtkTxcONSefcG9c=
-36,28,Gy1L0vcoPqIOCdZjGjLAEWm2b4U=,A4CRiIsKq0YnPtkTxcONSefcG9c=
-39,28,Gy1L0vcoPqIOCdZjGjLAEWm2b4U=,A4CRiIsKq0YnPtkTxcONSefcG9c=
-35,31,Gy1L0vcoPqIOCdZjGjLAEWm2b4U=,A4CRiIsKq0YnPtkTxcONSefcG9c=
-35,28,Gy1L0vcoPqIOCdZjGjLAEWm2b4U=,A4CRiIsKq0YnPtkTxcONSefcG9c=
-41,23,Gy1L0vcoPqIOCdZjGjLAEWm2b4U=,SxtnwLvcifmzh7+PMObWQPP1XPo=
-36,31,Gy1L0vcoPqIOCdZjGjLAEWm2b4U=,A4CRiIsKq0YnPtkTxcONSefcG9c=
-39,31,Gy1L0vcoPqIOCdZjGjLAEWm2b4U=,A4CRiIsKq0YnPtkTxcONSefcG9c=
-33,27,Gy1L0vcoPqIOCdZjGjLAEWm2b4U=,A4CRiIsKq0YnPtkTxcONSefcG9c=
-37,31,Gy1L0vcoPqIOCdZjGjLAEWm2b4U=,A4CRiIsKq0YnPtkTxcONSefcG9c=
-35,27,Gy1L0vcoPqIOCdZjGjLAEWm2b4U=,A4CRiIsKq0YnPtkTxcONSefcG9c=
-41,27,Gy1L0vcoPqIOCdZjGjLAEWm2b4U=,vkPoRbptIcKdJ3qK/90rJBVNZOM=
-38,31,Gy1L0vcoPqIOCdZjGjLAEWm2b4U=,A4CRiIsKq0YnPtkTxcONSefcG9c=
-40,28,Gy1L0vcoPqIOCdZjGjLAEWm2b4U=,A4CRiIsKq0YnPtkTxcONSefcG9c=
-37,27,Gy1L0vcoPqIOCdZjGjLAEWm2b4U=,A4CRiIsKq0YnPtkTxcONSefcG9c=
-38,27,Gy1L0vcoPqIOCdZjGjLAEWm2b4U=,A4CRiIsKq0YnPtkTxcONSefcG9c=
-34,29,Gy1L0vcoPqIOCdZjGjLAEWm2b4U=,A4CRiIsKq0YnPtkTxcONSefcG9c=
-33,26,Gy1L0vcoPqIOCdZjGjLAEWm2b4U=,A4CRiIsKq0YnPtkTxcONSefcG9c=
-40,31,Gy1L0vcoPqIOCdZjGjLAEWm2b4U=,A4CRiIsKq0YnPtkTxcONSefcG9c=
-34,26,Gy1L0vcoPqIOCdZjGjLAEWm2b4U=,A4CRiIsKq0YnPtkTxcONSefcG9c=
-35,26,Gy1L0vcoPqIOCdZjGjLAEWm2b4U=,A4CRiIsKq0YnPtkTxcONSefcG9c=
-41,26,Gy1L0vcoPqIOCdZjGjLAEWm2b4U=,vkPoRbptIcKdJ3qK/90rJBVNZOM=
-36,26,Gy1L0vcoPqIOCdZjGjLAEWm2b4U=,A4CRiIsKq0YnPtkTxcONSefcG9c=
-40,27,Gy1L0vcoPqIOCdZjGjLAEWm2b4U=,A4CRiIsKq0YnPtkTxcONSefcG9c=
-36,27,Gy1L0vcoPqIOCdZjGjLAEWm2b4U=,A4CRiIsKq0YnPtkTxcONSefcG9c=
-37,26,Gy1L0vcoPqIOCdZjGjLAEWm2b4U=,A4CRiIsKq0YnPtkTxcONSefcG9c=
-39,26,Gy1L0vcoPqIOCdZjGjLAEWm2b4U=,A4CRiIsKq0YnPtkTxcONSefcG9c=
-40,26,Gy1L0vcoPqIOCdZjGjLAEWm2b4U=,A4CRiIsKq0YnPtkTxcONSefcG9c=
-33,25,Gy1L0vcoPqIOCdZjGjLAEWm2b4U=,A4CRiIsKq0YnPtkTxcONSefcG9c=
-39,27,Gy1L0vcoPqIOCdZjGjLAEWm2b4U=,A4CRiIsKq0YnPtkTxcONSefcG9c=
-34,27,Gy1L0vcoPqIOCdZjGjLAEWm2b4U=,A4CRiIsKq0YnPtkTxcONSefcG9c=
-34,25,Gy1L0vcoPqIOCdZjGjLAEWm2b4U=,A4CRiIsKq0YnPtkTxcONSefcG9c=
-35,25,Gy1L0vcoPqIOCdZjGjLAEWm2b4U=,A4CRiIsKq0YnPtkTxcONSefcG9c=
-33,30,Gy1L0vcoPqIOCdZjGjLAEWm2b4U=,A4CRiIsKq0YnPtkTxcONSefcG9c=
-36,25,Gy1L0vcoPqIOCdZjGjLAEWm2b4U=,A4CRiIsKq0YnPtkTxcONSefcG9c=
-41,25,Gy1L0vcoPqIOCdZjGjLAEWm2b4U=,vkPoRbptIcKdJ3qK/90rJBVNZOM=
-39,25,Gy1L0vcoPqIOCdZjGjLAEWm2b4U=,A4CRiIsKq0YnPtkTxcONSefcG9c=
-41,24,Gy1L0vcoPqIOCdZjGjLAEWm2b4U=,vkPoRbptIcKdJ3qK/90rJBVNZOM=
-38,26,Gy1L0vcoPqIOCdZjGjLAEWm2b4U=,A4CRiIsKq0YnPtkTxcONSefcG9c=
-41,31,Gy1L0vcoPqIOCdZjGjLAEWm2b4U=,vkPoRbptIcKdJ3qK/90rJBVNZOM=
-40,25,Gy1L0vcoPqIOCdZjGjLAEWm2b4U=,A4CRiIsKq0YnPtkTxcONSefcG9c=
-34,30,Gy1L0vcoPqIOCdZjGjLAEWm2b4U=,A4CRiIsKq0YnPtkTxcONSefcG9c=
-37,25,Gy1L0vcoPqIOCdZjGjLAEWm2b4U=,A4CRiIsKq0YnPtkTxcONSefcG9c=
-35,30,Gy1L0vcoPqIOCdZjGjLAEWm2b4U=,A4CRiIsKq0YnPtkTxcONSefcG9c=
-34,24,Gy1L0vcoPqIOCdZjGjLAEWm2b4U=,A4CRiIsKq0YnPtkTxcONSefcG9c=
-33,24,Gy1L0vcoPqIOCdZjGjLAEWm2b4U=,A4CRiIsKq0YnPtkTxcONSefcG9c=
-38,25,Gy1L0vcoPqIOCdZjGjLAEWm2b4U=,A4CRiIsKq0YnPtkTxcONSefcG9c=
-36,30,Gy1L0vcoPqIOCdZjGjLAEWm2b4U=,A4CRiIsKq0YnPtkTxcONSefcG9c=
-38,30,Gy1L0vcoPqIOCdZjGjLAEWm2b4U=,A4CRiIsKq0YnPtkTxcONSefcG9c=
-37,30,Gy1L0vcoPqIOCdZjGjLAEWm2b4U=,A4CRiIsKq0YnPtkTxcONSefcG9c=
-36,24,Gy1L0vcoPqIOCdZjGjLAEWm2b4U=,A4CRiIsKq0YnPtkTxcONSefcG9c=
-39,30,Gy1L0vcoPqIOCdZjGjLAEWm2b4U=,A4CRiIsKq0YnPtkTxcONSefcG9c=
-37,24,Gy1L0vcoPqIOCdZjGjLAEWm2b4U=,A4CRiIsKq0YnPtkTxcONSefcG9c=
-39,24,Gy1L0vcoPqIOCdZjGjLAEWm2b4U=,A4CRiIsKq0YnPtkTxcONSefcG9c=
-33,29,Gy1L0vcoPqIOCdZjGjLAEWm2b4U=,A4CRiIsKq0YnPtkTxcONSefcG9c=
-40,30,Gy1L0vcoPqIOCdZjGjLAEWm2b4U=,A4CRiIsKq0YnPtkTxcONSefcG9c=
-35,24,Gy1L0vcoPqIOCdZjGjLAEWm2b4U=,A4CRiIsKq0YnPtkTxcONSefcG9c=
-38,24,Gy1L0vcoPqIOCdZjGjLAEWm2b4U=,A4CRiIsKq0YnPtkTxcONSefcG9c=
-40,24,Gy1L0vcoPqIOCdZjGjLAEWm2b4U=,A4CRiIsKq0YnPtkTxcONSefcG9c=
-47,9,3GjKtTCyDQr1IGFOox9UhD9UDeY=,2taUqbQw6iCieH25u8g2adMSATY=
-46,9,3GjKtTCyDQr1IGFOox9UhD9UDeY=,2taUqbQw6iCieH25u8g2adMSATY=
-45,9,3GjKtTCyDQr1IGFOox9UhD9UDeY=,2taUqbQw6iCieH25u8g2adMSATY=
-44,9,3GjKtTCyDQr1IGFOox9UhD9UDeY=,2taUqbQw6iCieH25u8g2adMSATY=
-43,9,3GjKtTCyDQr1IGFOox9UhD9UDeY=,2taUqbQw6iCieH25u8g2adMSATY=
-42,14,3GjKtTCyDQr1IGFOox9UhD9UDeY=,2taUqbQw6iCieH25u8g2adMSATY=
-42,9,3GjKtTCyDQr1IGFOox9UhD9UDeY=,2taUqbQw6iCieH25u8g2adMSATY=
-43,14,3GjKtTCyDQr1IGFOox9UhD9UDeY=,2taUqbQw6iCieH25u8g2adMSATY=
-44,14,3GjKtTCyDQr1IGFOox9UhD9UDeY=,2taUqbQw6iCieH25u8g2adMSATY=
-47,10,3GjKtTCyDQr1IGFOox9UhD9UDeY=,2taUqbQw6iCieH25u8g2adMSATY=
-46,10,3GjKtTCyDQr1IGFOox9UhD9UDeY=,2taUqbQw6iCieH25u8g2adMSATY=
-45,14,3GjKtTCyDQr1IGFOox9UhD9UDeY=,2taUqbQw6iCieH25u8g2adMSATY=
-46,14,3GjKtTCyDQr1IGFOox9UhD9UDeY=,2taUqbQw6iCieH25u8g2adMSATY=
-47,14,3GjKtTCyDQr1IGFOox9UhD9UDeY=,2taUqbQw6iCieH25u8g2adMSATY=
-45,10,3GjKtTCyDQr1IGFOox9UhD9UDeY=,2taUqbQw6iCieH25u8g2adMSATY=
-42,13,3GjKtTCyDQr1IGFOox9UhD9UDeY=,2taUqbQw6iCieH25u8g2adMSATY=
-43,13,3GjKtTCyDQr1IGFOox9UhD9UDeY=,2taUqbQw6iCieH25u8g2adMSATY=
-44,10,3GjKtTCyDQr1IGFOox9UhD9UDeY=,2taUqbQw6iCieH25u8g2adMSATY=
-44,13,3GjKtTCyDQr1IGFOox9UhD9UDeY=,2taUqbQw6iCieH25u8g2adMSATY=
-36,3,3GjKtTCyDQr1IGFOox9UhD9UDeY=,yPRl4HrKSUUwS4PbNjZWp29H3lw=
-43,10,3GjKtTCyDQr1IGFOox9UhD9UDeY=,2taUqbQw6iCieH25u8g2adMSATY=
-45,13,3GjKtTCyDQr1IGFOox9UhD9UDeY=,2taUqbQw6iCieH25u8g2adMSATY=
-42,10,3GjKtTCyDQr1IGFOox9UhD9UDeY=,2taUqbQw6iCieH25u8g2adMSATY=
-35,3,3GjKtTCyDQr1IGFOox9UhD9UDeY=,yPRl4HrKSUUwS4PbNjZWp29H3lw=
-46,13,3GjKtTCyDQr1IGFOox9UhD9UDeY=,2taUqbQw6iCieH25u8g2adMSATY=
-47,11,3GjKtTCyDQr1IGFOox9UhD9UDeY=,2taUqbQw6iCieH25u8g2adMSATY=
-47,13,3GjKtTCyDQr1IGFOox9UhD9UDeY=,2taUqbQw6iCieH25u8g2adMSATY=
-34,3,3GjKtTCyDQr1IGFOox9UhD9UDeY=,yPRl4HrKSUUwS4PbNjZWp29H3lw=
-46,11,3GjKtTCyDQr1IGFOox9UhD9UDeY=,2taUqbQw6iCieH25u8g2adMSATY=
-45,11,3GjKtTCyDQr1IGFOox9UhD9UDeY=,2taUqbQw6iCieH25u8g2adMSATY=
-42,12,3GjKtTCyDQr1IGFOox9UhD9UDeY=,2taUqbQw6iCieH25u8g2adMSATY=
-39,4,3GjKtTCyDQr1IGFOox9UhD9UDeY=,yPRl4HrKSUUwS4PbNjZWp29H3lw=
-38,4,3GjKtTCyDQr1IGFOox9UhD9UDeY=,yPRl4HrKSUUwS4PbNjZWp29H3lw=
-37,3,3GjKtTCyDQr1IGFOox9UhD9UDeY=,yPRl4HrKSUUwS4PbNjZWp29H3lw=
-43,12,3GjKtTCyDQr1IGFOox9UhD9UDeY=,2taUqbQw6iCieH25u8g2adMSATY=
-44,11,3GjKtTCyDQr1IGFOox9UhD9UDeY=,2taUqbQw6iCieH25u8g2adMSATY=
-37,4,3GjKtTCyDQr1IGFOox9UhD9UDeY=,yPRl4HrKSUUwS4PbNjZWp29H3lw=
-44,12,3GjKtTCyDQr1IGFOox9UhD9UDeY=,2taUqbQw6iCieH25u8g2adMSATY=
-45,12,3GjKtTCyDQr1IGFOox9UhD9UDeY=,2taUqbQw6iCieH25u8g2adMSATY=
-43,11,3GjKtTCyDQr1IGFOox9UhD9UDeY=,2taUqbQw6iCieH25u8g2adMSATY=
-36,4,3GjKtTCyDQr1IGFOox9UhD9UDeY=,yPRl4HrKSUUwS4PbNjZWp29H3lw=
-46,12,3GjKtTCyDQr1IGFOox9UhD9UDeY=,2taUqbQw6iCieH25u8g2adMSATY=
-39,3,3GjKtTCyDQr1IGFOox9UhD9UDeY=,yPRl4HrKSUUwS4PbNjZWp29H3lw=
-38,3,3GjKtTCyDQr1IGFOox9UhD9UDeY=,yPRl4HrKSUUwS4PbNjZWp29H3lw=
-47,12,3GjKtTCyDQr1IGFOox9UhD9UDeY=,2taUqbQw6iCieH25u8g2adMSATY=
-34,2,3GjKtTCyDQr1IGFOox9UhD9UDeY=,yPRl4HrKSUUwS4PbNjZWp29H3lw=
-42,11,3GjKtTCyDQr1IGFOox9UhD9UDeY=,2taUqbQw6iCieH25u8g2adMSATY=
-35,4,3GjKtTCyDQr1IGFOox9UhD9UDeY=,yPRl4HrKSUUwS4PbNjZWp29H3lw=
-35,2,3GjKtTCyDQr1IGFOox9UhD9UDeY=,yPRl4HrKSUUwS4PbNjZWp29H3lw=
-37,2,3GjKtTCyDQr1IGFOox9UhD9UDeY=,yPRl4HrKSUUwS4PbNjZWp29H3lw=
-36,2,3GjKtTCyDQr1IGFOox9UhD9UDeY=,yPRl4HrKSUUwS4PbNjZWp29H3lw=
-34,6,3GjKtTCyDQr1IGFOox9UhD9UDeY=,yPRl4HrKSUUwS4PbNjZWp29H3lw=
-35,6,3GjKtTCyDQr1IGFOox9UhD9UDeY=,yPRl4HrKSUUwS4PbNjZWp29H3lw=
-34,4,3GjKtTCyDQr1IGFOox9UhD9UDeY=,yPRl4HrKSUUwS4PbNjZWp29H3lw=
-36,6,3GjKtTCyDQr1IGFOox9UhD9UDeY=,yPRl4HrKSUUwS4PbNjZWp29H3lw=
-38,2,3GjKtTCyDQr1IGFOox9UhD9UDeY=,yPRl4HrKSUUwS4PbNjZWp29H3lw=
-39,5,3GjKtTCyDQr1IGFOox9UhD9UDeY=,yPRl4HrKSUUwS4PbNjZWp29H3lw=
-38,6,3GjKtTCyDQr1IGFOox9UhD9UDeY=,yPRl4HrKSUUwS4PbNjZWp29H3lw=
-37,6,3GjKtTCyDQr1IGFOox9UhD9UDeY=,yPRl4HrKSUUwS4PbNjZWp29H3lw=
-39,2,3GjKtTCyDQr1IGFOox9UhD9UDeY=,yPRl4HrKSUUwS4PbNjZWp29H3lw=
-39,6,3GjKtTCyDQr1IGFOox9UhD9UDeY=,yPRl4HrKSUUwS4PbNjZWp29H3lw=
-38,5,3GjKtTCyDQr1IGFOox9UhD9UDeY=,yPRl4HrKSUUwS4PbNjZWp29H3lw=
-34,5,3GjKtTCyDQr1IGFOox9UhD9UDeY=,yPRl4HrKSUUwS4PbNjZWp29H3lw=
-39,1,3GjKtTCyDQr1IGFOox9UhD9UDeY=,yPRl4HrKSUUwS4PbNjZWp29H3lw=
-34,1,3GjKtTCyDQr1IGFOox9UhD9UDeY=,yPRl4HrKSUUwS4PbNjZWp29H3lw=
-38,1,3GjKtTCyDQr1IGFOox9UhD9UDeY=,yPRl4HrKSUUwS4PbNjZWp29H3lw=
-35,1,3GjKtTCyDQr1IGFOox9UhD9UDeY=,yPRl4HrKSUUwS4PbNjZWp29H3lw=
-35,5,3GjKtTCyDQr1IGFOox9UhD9UDeY=,yPRl4HrKSUUwS4PbNjZWp29H3lw=
-37,1,3GjKtTCyDQr1IGFOox9UhD9UDeY=,yPRl4HrKSUUwS4PbNjZWp29H3lw=
-36,1,3GjKtTCyDQr1IGFOox9UhD9UDeY=,yPRl4HrKSUUwS4PbNjZWp29H3lw=
-37,5,3GjKtTCyDQr1IGFOox9UhD9UDeY=,yPRl4HrKSUUwS4PbNjZWp29H3lw=
-36,5,3GjKtTCyDQr1IGFOox9UhD9UDeY=,yPRl4HrKSUUwS4PbNjZWp29H3lw=
-33,3,3GjKtTCyDQr1IGFOox9UhD9UDeY=,yPRl4HrKSUUwS4PbNjZWp29H3lw=
-33,4,3GjKtTCyDQr1IGFOox9UhD9UDeY=,yPRl4HrKSUUwS4PbNjZWp29H3lw=
-33,1,3GjKtTCyDQr1IGFOox9UhD9UDeY=,yPRl4HrKSUUwS4PbNjZWp29H3lw=
-33,5,3GjKtTCyDQr1IGFOox9UhD9UDeY=,yPRl4HrKSUUwS4PbNjZWp29H3lw=
-44,2,3GjKtTCyDQr1IGFOox9UhD9UDeY=,LJIgLzlMSCZRA8B+7dExMf2AI30=
-33,6,3GjKtTCyDQr1IGFOox9UhD9UDeY=,yPRl4HrKSUUwS4PbNjZWp29H3lw=
-43,6,3GjKtTCyDQr1IGFOox9UhD9UDeY=,LJIgLzlMSCZRA8B+7dExMf2AI30=
-40,3,3GjKtTCyDQr1IGFOox9UhD9UDeY=,yPRl4HrKSUUwS4PbNjZWp29H3lw=
-43,2,3GjKtTCyDQr1IGFOox9UhD9UDeY=,LJIgLzlMSCZRA8B+7dExMf2AI30=
-33,2,3GjKtTCyDQr1IGFOox9UhD9UDeY=,yPRl4HrKSUUwS4PbNjZWp29H3lw=
-45,3,3GjKtTCyDQr1IGFOox9UhD9UDeY=,LJIgLzlMSCZRA8B+7dExMf2AI30=
-45,2,3GjKtTCyDQr1IGFOox9UhD9UDeY=,LJIgLzlMSCZRA8B+7dExMf2AI30=
-47,3,3GjKtTCyDQr1IGFOox9UhD9UDeY=,LJIgLzlMSCZRA8B+7dExMf2AI30=
-44,7,3GjKtTCyDQr1IGFOox9UhD9UDeY=,LJIgLzlMSCZRA8B+7dExMf2AI30=
-45,1,3GjKtTCyDQr1IGFOox9UhD9UDeY=,LJIgLzlMSCZRA8B+7dExMf2AI30=
-46,2,3GjKtTCyDQr1IGFOox9UhD9UDeY=,LJIgLzlMSCZRA8B+7dExMf2AI30=
-45,7,3GjKtTCyDQr1IGFOox9UhD9UDeY=,LJIgLzlMSCZRA8B+7dExMf2AI30=
-47,1,3GjKtTCyDQr1IGFOox9UhD9UDeY=,LJIgLzlMSCZRA8B+7dExMf2AI30=
-46,7,3GjKtTCyDQr1IGFOox9UhD9UDeY=,LJIgLzlMSCZRA8B+7dExMf2AI30=
-43,7,3GjKtTCyDQr1IGFOox9UhD9UDeY=,LJIgLzlMSCZRA8B+7dExMf2AI30=
-46,3,3GjKtTCyDQr1IGFOox9UhD9UDeY=,LJIgLzlMSCZRA8B+7dExMf2AI30=
-47,7,3GjKtTCyDQr1IGFOox9UhD9UDeY=,LJIgLzlMSCZRA8B+7dExMf2AI30=
-40,6,3GjKtTCyDQr1IGFOox9UhD9UDeY=,yPRl4HrKSUUwS4PbNjZWp29H3lw=
-44,6,3GjKtTCyDQr1IGFOox9UhD9UDeY=,LJIgLzlMSCZRA8B+7dExMf2AI30=
-47,2,3GjKtTCyDQr1IGFOox9UhD9UDeY=,LJIgLzlMSCZRA8B+7dExMf2AI30=
-42,4,3GjKtTCyDQr1IGFOox9UhD9UDeY=,LJIgLzlMSCZRA8B+7dExMf2AI30=
-41,4,3GjKtTCyDQr1IGFOox9UhD9UDeY=,LJIgLzlMSCZRA8B+7dExMf2AI30=
-42,7,3GjKtTCyDQr1IGFOox9UhD9UDeY=,LJIgLzlMSCZRA8B+7dExMf2AI30=
-40,2,3GjKtTCyDQr1IGFOox9UhD9UDeY=,yPRl4HrKSUUwS4PbNjZWp29H3lw=
-43,5,3GjKtTCyDQr1IGFOox9UhD9UDeY=,LJIgLzlMSCZRA8B+7dExMf2AI30=
-43,4,3GjKtTCyDQr1IGFOox9UhD9UDeY=,LJIgLzlMSCZRA8B+7dExMf2AI30=
-44,4,3GjKtTCyDQr1IGFOox9UhD9UDeY=,LJIgLzlMSCZRA8B+7dExMf2AI30=
-45,4,3GjKtTCyDQr1IGFOox9UhD9UDeY=,LJIgLzlMSCZRA8B+7dExMf2AI30=
-46,4,3GjKtTCyDQr1IGFOox9UhD9UDeY=,LJIgLzlMSCZRA8B+7dExMf2AI30=
-47,4,3GjKtTCyDQr1IGFOox9UhD9UDeY=,LJIgLzlMSCZRA8B+7dExMf2AI30=
-44,5,3GjKtTCyDQr1IGFOox9UhD9UDeY=,LJIgLzlMSCZRA8B+7dExMf2AI30=
-41,3,3GjKtTCyDQr1IGFOox9UhD9UDeY=,LJIgLzlMSCZRA8B+7dExMf2AI30=
-42,3,3GjKtTCyDQr1IGFOox9UhD9UDeY=,LJIgLzlMSCZRA8B+7dExMf2AI30=
-46,1,3GjKtTCyDQr1IGFOox9UhD9UDeY=,LJIgLzlMSCZRA8B+7dExMf2AI30=
-47,5,3GjKtTCyDQr1IGFOox9UhD9UDeY=,LJIgLzlMSCZRA8B+7dExMf2AI30=
-45,6,3GjKtTCyDQr1IGFOox9UhD9UDeY=,LJIgLzlMSCZRA8B+7dExMf2AI30=
-43,3,3GjKtTCyDQr1IGFOox9UhD9UDeY=,LJIgLzlMSCZRA8B+7dExMf2AI30=
-44,3,3GjKtTCyDQr1IGFOox9UhD9UDeY=,LJIgLzlMSCZRA8B+7dExMf2AI30=
-41,1,3GjKtTCyDQr1IGFOox9UhD9UDeY=,LJIgLzlMSCZRA8B+7dExMf2AI30=
-40,1,3GjKtTCyDQr1IGFOox9UhD9UDeY=,yPRl4HrKSUUwS4PbNjZWp29H3lw=
-46,6,3GjKtTCyDQr1IGFOox9UhD9UDeY=,LJIgLzlMSCZRA8B+7dExMf2AI30=
-40,5,3GjKtTCyDQr1IGFOox9UhD9UDeY=,yPRl4HrKSUUwS4PbNjZWp29H3lw=
-41,6,3GjKtTCyDQr1IGFOox9UhD9UDeY=,LJIgLzlMSCZRA8B+7dExMf2AI30=
-42,1,3GjKtTCyDQr1IGFOox9UhD9UDeY=,LJIgLzlMSCZRA8B+7dExMf2AI30=
-41,5,3GjKtTCyDQr1IGFOox9UhD9UDeY=,LJIgLzlMSCZRA8B+7dExMf2AI30=
-42,6,3GjKtTCyDQr1IGFOox9UhD9UDeY=,LJIgLzlMSCZRA8B+7dExMf2AI30=
-43,8,3GjKtTCyDQr1IGFOox9UhD9UDeY=,2taUqbQw6iCieH25u8g2adMSATY=
-44,8,3GjKtTCyDQr1IGFOox9UhD9UDeY=,2taUqbQw6iCieH25u8g2adMSATY=
-42,8,3GjKtTCyDQr1IGFOox9UhD9UDeY=,2taUqbQw6iCieH25u8g2adMSATY=
-47,6,3GjKtTCyDQr1IGFOox9UhD9UDeY=,LJIgLzlMSCZRA8B+7dExMf2AI30=
-46,8,3GjKtTCyDQr1IGFOox9UhD9UDeY=,2taUqbQw6iCieH25u8g2adMSATY=
-46,5,3GjKtTCyDQr1IGFOox9UhD9UDeY=,LJIgLzlMSCZRA8B+7dExMf2AI30=
-42,5,3GjKtTCyDQr1IGFOox9UhD9UDeY=,LJIgLzlMSCZRA8B+7dExMf2AI30=
-41,2,3GjKtTCyDQr1IGFOox9UhD9UDeY=,LJIgLzlMSCZRA8B+7dExMf2AI30=
-43,1,3GjKtTCyDQr1IGFOox9UhD9UDeY=,LJIgLzlMSCZRA8B+7dExMf2AI30=
-42,2,3GjKtTCyDQr1IGFOox9UhD9UDeY=,LJIgLzlMSCZRA8B+7dExMf2AI30=
-40,4,3GjKtTCyDQr1IGFOox9UhD9UDeY=,yPRl4HrKSUUwS4PbNjZWp29H3lw=
-45,8,3GjKtTCyDQr1IGFOox9UhD9UDeY=,2taUqbQw6iCieH25u8g2adMSATY=
-44,1,3GjKtTCyDQr1IGFOox9UhD9UDeY=,LJIgLzlMSCZRA8B+7dExMf2AI30=
-45,5,3GjKtTCyDQr1IGFOox9UhD9UDeY=,LJIgLzlMSCZRA8B+7dExMf2AI30=
-47,8,3GjKtTCyDQr1IGFOox9UhD9UDeY=,2taUqbQw6iCieH25u8g2adMSATY=
-36,13,3GjKtTCyDQr1IGFOox9UhD9UDeY=,1rSlbzh8ZRM5qyZHYIiUp6m1gU4=
-37,13,3GjKtTCyDQr1IGFOox9UhD9UDeY=,1rSlbzh8ZRM5qyZHYIiUp6m1gU4=
-34,7,3GjKtTCyDQr1IGFOox9UhD9UDeY=,yPRl4HrKSUUwS4PbNjZWp29H3lw=
-33,7,3GjKtTCyDQr1IGFOox9UhD9UDeY=,yPRl4HrKSUUwS4PbNjZWp29H3lw=
-35,7,3GjKtTCyDQr1IGFOox9UhD9UDeY=,yPRl4HrKSUUwS4PbNjZWp29H3lw=
-41,14,3GjKtTCyDQr1IGFOox9UhD9UDeY=,2taUqbQw6iCieH25u8g2adMSATY=
-39,13,3GjKtTCyDQr1IGFOox9UhD9UDeY=,1rSlbzh8ZRM5qyZHYIiUp6m1gU4=
-40,13,3GjKtTCyDQr1IGFOox9UhD9UDeY=,1rSlbzh8ZRM5qyZHYIiUp6m1gU4=
-35,13,3GjKtTCyDQr1IGFOox9UhD9UDeY=,1rSlbzh8ZRM5qyZHYIiUp6m1gU4=
-33,12,3GjKtTCyDQr1IGFOox9UhD9UDeY=,1rSlbzh8ZRM5qyZHYIiUp6m1gU4=
-35,12,3GjKtTCyDQr1IGFOox9UhD9UDeY=,1rSlbzh8ZRM5qyZHYIiUp6m1gU4=
-34,12,3GjKtTCyDQr1IGFOox9UhD9UDeY=,1rSlbzh8ZRM5qyZHYIiUp6m1gU4=
-36,12,3GjKtTCyDQr1IGFOox9UhD9UDeY=,1rSlbzh8ZRM5qyZHYIiUp6m1gU4=
-38,13,3GjKtTCyDQr1IGFOox9UhD9UDeY=,1rSlbzh8ZRM5qyZHYIiUp6m1gU4=
-37,12,3GjKtTCyDQr1IGFOox9UhD9UDeY=,1rSlbzh8ZRM5qyZHYIiUp6m1gU4=
-38,12,3GjKtTCyDQr1IGFOox9UhD9UDeY=,1rSlbzh8ZRM5qyZHYIiUp6m1gU4=
-41,13,3GjKtTCyDQr1IGFOox9UhD9UDeY=,2taUqbQw6iCieH25u8g2adMSATY=
-39,12,3GjKtTCyDQr1IGFOox9UhD9UDeY=,1rSlbzh8ZRM5qyZHYIiUp6m1gU4=
-33,11,3GjKtTCyDQr1IGFOox9UhD9UDeY=,1rSlbzh8ZRM5qyZHYIiUp6m1gU4=
-34,11,3GjKtTCyDQr1IGFOox9UhD9UDeY=,1rSlbzh8ZRM5qyZHYIiUp6m1gU4=
-40,12,3GjKtTCyDQr1IGFOox9UhD9UDeY=,1rSlbzh8ZRM5qyZHYIiUp6m1gU4=
-41,7,3GjKtTCyDQr1IGFOox9UhD9UDeY=,LJIgLzlMSCZRA8B+7dExMf2AI30=
-36,7,3GjKtTCyDQr1IGFOox9UhD9UDeY=,yPRl4HrKSUUwS4PbNjZWp29H3lw=
-39,7,3GjKtTCyDQr1IGFOox9UhD9UDeY=,yPRl4HrKSUUwS4PbNjZWp29H3lw=
-40,7,3GjKtTCyDQr1IGFOox9UhD9UDeY=,yPRl4HrKSUUwS4PbNjZWp29H3lw=
-37,7,3GjKtTCyDQr1IGFOox9UhD9UDeY=,yPRl4HrKSUUwS4PbNjZWp29H3lw=
-38,7,3GjKtTCyDQr1IGFOox9UhD9UDeY=,yPRl4HrKSUUwS4PbNjZWp29H3lw=
-35,11,3GjKtTCyDQr1IGFOox9UhD9UDeY=,1rSlbzh8ZRM5qyZHYIiUp6m1gU4=
-36,11,3GjKtTCyDQr1IGFOox9UhD9UDeY=,1rSlbzh8ZRM5qyZHYIiUp6m1gU4=
-37,11,3GjKtTCyDQr1IGFOox9UhD9UDeY=,1rSlbzh8ZRM5qyZHYIiUp6m1gU4=
-39,11,3GjKtTCyDQr1IGFOox9UhD9UDeY=,1rSlbzh8ZRM5qyZHYIiUp6m1gU4=
-40,11,3GjKtTCyDQr1IGFOox9UhD9UDeY=,1rSlbzh8ZRM5qyZHYIiUp6m1gU4=
-41,12,3GjKtTCyDQr1IGFOox9UhD9UDeY=,2taUqbQw6iCieH25u8g2adMSATY=
-38,11,3GjKtTCyDQr1IGFOox9UhD9UDeY=,1rSlbzh8ZRM5qyZHYIiUp6m1gU4=
-33,10,3GjKtTCyDQr1IGFOox9UhD9UDeY=,1rSlbzh8ZRM5qyZHYIiUp6m1gU4=
-34,10,3GjKtTCyDQr1IGFOox9UhD9UDeY=,1rSlbzh8ZRM5qyZHYIiUp6m1gU4=
-41,11,3GjKtTCyDQr1IGFOox9UhD9UDeY=,2taUqbQw6iCieH25u8g2adMSATY=
-34,13,3GjKtTCyDQr1IGFOox9UhD9UDeY=,1rSlbzh8ZRM5qyZHYIiUp6m1gU4=
-37,10,3GjKtTCyDQr1IGFOox9UhD9UDeY=,1rSlbzh8ZRM5qyZHYIiUp6m1gU4=
-35,10,3GjKtTCyDQr1IGFOox9UhD9UDeY=,1rSlbzh8ZRM5qyZHYIiUp6m1gU4=
-41,10,3GjKtTCyDQr1IGFOox9UhD9UDeY=,2taUqbQw6iCieH25u8g2adMSATY=
-38,10,3GjKtTCyDQr1IGFOox9UhD9UDeY=,1rSlbzh8ZRM5qyZHYIiUp6m1gU4=
-36,10,3GjKtTCyDQr1IGFOox9UhD9UDeY=,1rSlbzh8ZRM5qyZHYIiUp6m1gU4=
-39,10,3GjKtTCyDQr1IGFOox9UhD9UDeY=,1rSlbzh8ZRM5qyZHYIiUp6m1gU4=
-40,10,3GjKtTCyDQr1IGFOox9UhD9UDeY=,1rSlbzh8ZRM5qyZHYIiUp6m1gU4=
-40,8,3GjKtTCyDQr1IGFOox9UhD9UDeY=,1rSlbzh8ZRM5qyZHYIiUp6m1gU4=
-33,9,3GjKtTCyDQr1IGFOox9UhD9UDeY=,1rSlbzh8ZRM5qyZHYIiUp6m1gU4=
-35,9,3GjKtTCyDQr1IGFOox9UhD9UDeY=,1rSlbzh8ZRM5qyZHYIiUp6m1gU4=
-34,9,3GjKtTCyDQr1IGFOox9UhD9UDeY=,1rSlbzh8ZRM5qyZHYIiUp6m1gU4=
-41,9,3GjKtTCyDQr1IGFOox9UhD9UDeY=,2taUqbQw6iCieH25u8g2adMSATY=
-36,9,3GjKtTCyDQr1IGFOox9UhD9UDeY=,1rSlbzh8ZRM5qyZHYIiUp6m1gU4=
-41,8,3GjKtTCyDQr1IGFOox9UhD9UDeY=,2taUqbQw6iCieH25u8g2adMSATY=
-35,14,3GjKtTCyDQr1IGFOox9UhD9UDeY=,1rSlbzh8ZRM5qyZHYIiUp6m1gU4=
-36,14,3GjKtTCyDQr1IGFOox9UhD9UDeY=,1rSlbzh8ZRM5qyZHYIiUp6m1gU4=
-33,14,3GjKtTCyDQr1IGFOox9UhD9UDeY=,1rSlbzh8ZRM5qyZHYIiUp6m1gU4=
-37,14,3GjKtTCyDQr1IGFOox9UhD9UDeY=,1rSlbzh8ZRM5qyZHYIiUp6m1gU4=
-38,14,3GjKtTCyDQr1IGFOox9UhD9UDeY=,1rSlbzh8ZRM5qyZHYIiUp6m1gU4=
-34,14,3GjKtTCyDQr1IGFOox9UhD9UDeY=,1rSlbzh8ZRM5qyZHYIiUp6m1gU4=
-39,8,3GjKtTCyDQr1IGFOox9UhD9UDeY=,1rSlbzh8ZRM5qyZHYIiUp6m1gU4=
-39,14,3GjKtTCyDQr1IGFOox9UhD9UDeY=,1rSlbzh8ZRM5qyZHYIiUp6m1gU4=
-40,14,3GjKtTCyDQr1IGFOox9UhD9UDeY=,1rSlbzh8ZRM5qyZHYIiUp6m1gU4=
-37,9,3GjKtTCyDQr1IGFOox9UhD9UDeY=,1rSlbzh8ZRM5qyZHYIiUp6m1gU4=
-38,9,3GjKtTCyDQr1IGFOox9UhD9UDeY=,1rSlbzh8ZRM5qyZHYIiUp6m1gU4=
-39,9,3GjKtTCyDQr1IGFOox9UhD9UDeY=,1rSlbzh8ZRM5qyZHYIiUp6m1gU4=
-40,9,3GjKtTCyDQr1IGFOox9UhD9UDeY=,1rSlbzh8ZRM5qyZHYIiUp6m1gU4=
-33,13,3GjKtTCyDQr1IGFOox9UhD9UDeY=,1rSlbzh8ZRM5qyZHYIiUp6m1gU4=
-34,8,3GjKtTCyDQr1IGFOox9UhD9UDeY=,1rSlbzh8ZRM5qyZHYIiUp6m1gU4=
-35,8,3GjKtTCyDQr1IGFOox9UhD9UDeY=,1rSlbzh8ZRM5qyZHYIiUp6m1gU4=
-33,8,3GjKtTCyDQr1IGFOox9UhD9UDeY=,1rSlbzh8ZRM5qyZHYIiUp6m1gU4=
-38,8,3GjKtTCyDQr1IGFOox9UhD9UDeY=,1rSlbzh8ZRM5qyZHYIiUp6m1gU4=
-36,8,3GjKtTCyDQr1IGFOox9UhD9UDeY=,1rSlbzh8ZRM5qyZHYIiUp6m1gU4=
-37,8,3GjKtTCyDQr1IGFOox9UhD9UDeY=,1rSlbzh8ZRM5qyZHYIiUp6m1gU4=
-39,15,3GjKtTCyDQr1IGFOox9UhD9UDeY=,1rSlbzh8ZRM5qyZHYIiUp6m1gU4=
-34,15,3GjKtTCyDQr1IGFOox9UhD9UDeY=,1rSlbzh8ZRM5qyZHYIiUp6m1gU4=
-35,15,3GjKtTCyDQr1IGFOox9UhD9UDeY=,1rSlbzh8ZRM5qyZHYIiUp6m1gU4=
-46,0,3GjKtTCyDQr1IGFOox9UhD9UDeY=,LJIgLzlMSCZRA8B+7dExMf2AI30=
-36,15,3GjKtTCyDQr1IGFOox9UhD9UDeY=,1rSlbzh8ZRM5qyZHYIiUp6m1gU4=
-42,0,3GjKtTCyDQr1IGFOox9UhD9UDeY=,LJIgLzlMSCZRA8B+7dExMf2AI30=
-37,15,3GjKtTCyDQr1IGFOox9UhD9UDeY=,1rSlbzh8ZRM5qyZHYIiUp6m1gU4=
-44,0,3GjKtTCyDQr1IGFOox9UhD9UDeY=,LJIgLzlMSCZRA8B+7dExMf2AI30=
-43,0,3GjKtTCyDQr1IGFOox9UhD9UDeY=,LJIgLzlMSCZRA8B+7dExMf2AI30=
-45,0,3GjKtTCyDQr1IGFOox9UhD9UDeY=,LJIgLzlMSCZRA8B+7dExMf2AI30=
-38,15,3GjKtTCyDQr1IGFOox9UhD9UDeY=,1rSlbzh8ZRM5qyZHYIiUp6m1gU4=
-47,0,3GjKtTCyDQr1IGFOox9UhD9UDeY=,LJIgLzlMSCZRA8B+7dExMf2AI30=
-45,15,3GjKtTCyDQr1IGFOox9UhD9UDeY=,2taUqbQw6iCieH25u8g2adMSATY=
-46,15,3GjKtTCyDQr1IGFOox9UhD9UDeY=,2taUqbQw6iCieH25u8g2adMSATY=
-47,15,3GjKtTCyDQr1IGFOox9UhD9UDeY=,2taUqbQw6iCieH25u8g2adMSATY=
-41,15,3GjKtTCyDQr1IGFOox9UhD9UDeY=,2taUqbQw6iCieH25u8g2adMSATY=
-40,15,3GjKtTCyDQr1IGFOox9UhD9UDeY=,1rSlbzh8ZRM5qyZHYIiUp6m1gU4=
-42,15,3GjKtTCyDQr1IGFOox9UhD9UDeY=,2taUqbQw6iCieH25u8g2adMSATY=
-43,15,3GjKtTCyDQr1IGFOox9UhD9UDeY=,2taUqbQw6iCieH25u8g2adMSATY=
-44,15,3GjKtTCyDQr1IGFOox9UhD9UDeY=,2taUqbQw6iCieH25u8g2adMSATY=
-48,9,3GjKtTCyDQr1IGFOox9UhD9UDeY=,2taUqbQw6iCieH25u8g2adMSATY=
-48,15,3GjKtTCyDQr1IGFOox9UhD9UDeY=,2taUqbQw6iCieH25u8g2adMSATY=
-48,14,3GjKtTCyDQr1IGFOox9UhD9UDeY=,2taUqbQw6iCieH25u8g2adMSATY=
-48,13,3GjKtTCyDQr1IGFOox9UhD9UDeY=,2taUqbQw6iCieH25u8g2adMSATY=
-48,10,3GjKtTCyDQr1IGFOox9UhD9UDeY=,2taUqbQw6iCieH25u8g2adMSATY=
-48,11,3GjKtTCyDQr1IGFOox9UhD9UDeY=,2taUqbQw6iCieH25u8g2adMSATY=
-48,12,3GjKtTCyDQr1IGFOox9UhD9UDeY=,2taUqbQw6iCieH25u8g2adMSATY=
-40,0,3GjKtTCyDQr1IGFOox9UhD9UDeY=,yPRl4HrKSUUwS4PbNjZWp29H3lw=
-41,0,3GjKtTCyDQr1IGFOox9UhD9UDeY=,LJIgLzlMSCZRA8B+7dExMf2AI30=
-33,0,3GjKtTCyDQr1IGFOox9UhD9UDeY=,yPRl4HrKSUUwS4PbNjZWp29H3lw=
-34,0,3GjKtTCyDQr1IGFOox9UhD9UDeY=,yPRl4HrKSUUwS4PbNjZWp29H3lw=
-33,15,3GjKtTCyDQr1IGFOox9UhD9UDeY=,1rSlbzh8ZRM5qyZHYIiUp6m1gU4=
-35,0,3GjKtTCyDQr1IGFOox9UhD9UDeY=,yPRl4HrKSUUwS4PbNjZWp29H3lw=
-37,0,3GjKtTCyDQr1IGFOox9UhD9UDeY=,yPRl4HrKSUUwS4PbNjZWp29H3lw=
-36,0,3GjKtTCyDQr1IGFOox9UhD9UDeY=,yPRl4HrKSUUwS4PbNjZWp29H3lw=
-38,0,3GjKtTCyDQr1IGFOox9UhD9UDeY=,yPRl4HrKSUUwS4PbNjZWp29H3lw=
-39,0,3GjKtTCyDQr1IGFOox9UhD9UDeY=,yPRl4HrKSUUwS4PbNjZWp29H3lw=
-48,5,3GjKtTCyDQr1IGFOox9UhD9UDeY=,LJIgLzlMSCZRA8B+7dExMf2AI30=
-48,1,3GjKtTCyDQr1IGFOox9UhD9UDeY=,LJIgLzlMSCZRA8B+7dExMf2AI30=
-48,0,3GjKtTCyDQr1IGFOox9UhD9UDeY=,LJIgLzlMSCZRA8B+7dExMf2AI30=
-48,4,3GjKtTCyDQr1IGFOox9UhD9UDeY=,LJIgLzlMSCZRA8B+7dExMf2AI30=
-48,3,3GjKtTCyDQr1IGFOox9UhD9UDeY=,LJIgLzlMSCZRA8B+7dExMf2AI30=
-48,7,3GjKtTCyDQr1IGFOox9UhD9UDeY=,LJIgLzlMSCZRA8B+7dExMf2AI30=
-48,2,3GjKtTCyDQr1IGFOox9UhD9UDeY=,LJIgLzlMSCZRA8B+7dExMf2AI30=
-48,8,3GjKtTCyDQr1IGFOox9UhD9UDeY=,2taUqbQw6iCieH25u8g2adMSATY=
-48,6,3GjKtTCyDQr1IGFOox9UhD9UDeY=,LJIgLzlMSCZRA8B+7dExMf2AI30=
